"TAXNAME","family_GM","monoecious","dioecious","resprout_postfire","serotinous","graminoid","low_shrub","mid_shrub","tall_shrub","tree","plant_longevity","flammability","pollination","dispersal","SpeciesFull","Genus","Species","Subspecies"
"Acacia cyclops","FABACEAE",1,0,0,0,0,0,0,0,1,3,"h","i","m","Acacia cyclops A.Cunn. ex G.Don","Acacia","cyclops",""
"Acacia karroo","FABACEAE",1,0,1,0,0,0,0,1,1,3,"l","i","m","Acacia karroo Hayne","Acacia","karroo",""
"Acmadenia nivea","RUTACEAE",1,0,0,0,0,1,0,0,0,2,"h","i","p","Acmadenia nivea I.Williams","Acmadenia","nivea",""
"Acmadenia tetragona","RUTACEAE",1,0,0,0,0,1,0,0,0,2,"h","i","p","Acmadenia tetragona (L.f.) Bartl. & H.L.Wendl.","Acmadenia","tetragona",""
"Agathosma betulina","RUTACEAE",1,0,1,0,0,0,0,1,0,3,"h","i","p","Agathosma betulina (P.J.Bergius) Pillans","Agathosma","betulina",""
"Agathosma bifida","RUTACEAE",1,0,1,0,0,1,0,0,0,3,"h","i","p","Agathosma bifida (Jacq.) Bartl. & H.L.Wendl.","Agathosma","bifida",""
"Agathosma capensis","RUTACEAE",1,0,1,0,0,1,0,0,0,2,"h","i","p","Agathosma capensis (L.) Dummer","Agathosma","capensis",""
"Agathosma cerefolium","RUTACEAE",1,0,0,0,0,0,1,0,0,2,"h","i","p","Agathosma cerefolium (Vent.) Bartl. & H.L.Wendl.","Agathosma","cerefolium",""
"Agathosma crenulata","RUTACEAE",1,0,0,0,0,0,0,1,0,2,"h","i","p","Agathosma crenulata (L.) Pillans","Agathosma","crenulata",""
"Agathosma imbricata","RUTACEAE",1,0,1,0,0,1,0,0,0,2,"h","i","p","Agathosma imbricata (L.) Willd.","Agathosma","imbricata",""
"Agathosma mucronulata","RUTACEAE",1,0,0,0,0,1,0,0,0,2,"h","i","p","Agathosma mucronulata Sond.","Agathosma","mucronulata",""
"Agathosma mundtii","RUTACEAE",1,0,0,0,0,1,0,0,0,2,"h","i","p","Agathosma mundtii Cham. & Schltdl.","Agathosma","mundtii",""
"Agathosma ovata","RUTACEAE",1,0,0,0,0,0,0,1,0,2,"h","i","i","Agathosma ovata (Thunb.) Pillans","Agathosma","ovata",""
"Agathosma unicarpellata","RUTACEAE",1,0,0,0,0,1,0,0,0,2,"h","i","p","Agathosma unicarpellata (Fourc.) Pillans","Agathosma","unicarpellata",""
"Aloe ferox","ASPHODELACEAE",1,0,1,0,0,0,0,1,1,3,"l","b","w","Aloe ferox Mill.","Aloe","ferox",""
"Amphithalea axillaris","FABACEAE",1,0,0,0,0,1,0,0,0,2,"h","i","p","Amphithalea axillaris Granby","Amphithalea","axillaris",""
"Andropogon appendiculatus","POACEAE",1,0,0,0,1,0,0,0,0,2,"h","w","w","Andropogon appendiculatus Nees","Andropogon","appendiculatus",""
"Anginon difforme","APIACEAE",1,0,0,0,0,0,0,1,0,2,"m","i","w","Anginon difforme (L.) B.L.Burtt","Anginon","difforme",""
"Anthochortus crinalis","RESTIONACEAE",0,1,1,0,1,0,0,0,0,2,"h","w","p","Anthochortus crinalis (Mast.) H.P.Linder","Anthochortus","crinalis",""
"Anthospermum aethiopicum","RUBIACEAE",0,1,0,0,0,0,0,1,0,2,"h","w","p","Anthospermum aethiopicum L.","Anthospermum","aethiopicum",""
"Anthospermum galioides","RUBIACEAE",0,1,0,0,0,1,0,0,0,2,"m","w","p","Anthospermum galioides Rchb.f. subsp. galioides","Anthospermum","galioides","galioides"
"Anthospermum galioides","RUBIACEAE",0,1,0,0,0,1,0,0,0,2,"m","w","p","Anthospermum galioides Rchb.f. subsp. reflexifolium (Kuntze) Puff","Anthospermum","galioides","reflexifolium"
"Anthospermum prostratum","RUBIACEAE",0,1,0,0,0,1,0,0,0,2,"l","w","p","Anthospermum prostratum Sond.","Anthospermum","prostratum",""
"Antimima dasyphylla","AIZOACEAE",1,0,0,0,0,1,0,0,0,2,"l","i","p","Antimima dasyphylla (Schltr.) H.E.K.Hartmann","Antimima","dasyphylla",""
"Apodytes dimidiata","ICACINACEAE",1,0,0,0,0,0,0,0,1,3,"l","i","m","Apodytes dimidiata E.Mey. ex Arn. subsp. dimidiata","Apodytes","dimidiata","dimidiata"
"Argyrolobium collinum","FABACEAE",1,0,1,0,0,0,1,0,0,3,"h","i","p","Argyrolobium collinum Eckl. & Zeyh.","Argyrolobium","collinum",""
"Argyrolobium filiforme","FABACEAE",1,0,1,0,0,1,0,0,0,3,"l","i","p","Argyrolobium filiforme (Thunb.) Eckl. & Zeyh.","Argyrolobium","filiforme",""
"Aspalathus ciliaris","FABACEAE",1,0,0,0,0,0,1,0,0,1,"h","i","p","Aspalathus ciliaris L.","Aspalathus","ciliaris",""
"Aspalathus crassisepala","FABACEAE",1,0,0,0,0,1,0,0,0,1,"h","i","p","Aspalathus crassisepala R.Dahlgren","Aspalathus","crassisepala",""
"Aspalathus kougaensis","FABACEAE",1,0,0,0,0,1,0,0,0,1,"h","i","p","Aspalathus kougaensis (Garab. ex R.Dahlgren) R.Dahlgren","Aspalathus","kougaensis",""
"Aspalathus linearis","FABACEAE",1,0,1,0,0,0,0,1,0,2,"h","i","p","Aspalathus linearis (Burm.f.) R.Dahlgren","Aspalathus","linearis",""
"Aspalathus rubens","FABACEAE",1,0,0,0,0,1,0,0,0,1,"h","i","p","Aspalathus rubens Thunb.","Aspalathus","rubens",""
"Asparagus burchellii","ASPARAGACEAE",1,0,1,0,0,0,1,0,0,3,"m","i","m","Asparagus burchellii Baker","Asparagus","burchellii",""
"Asparagus lignosus","ASPARAGACEAE",1,0,1,0,0,1,0,0,0,3,"m","i","m","Asparagus lignosus Burm.f.","Asparagus","lignosus",""
"Asparagus retrofractus","ASPARAGACEAE",1,0,1,0,0,0,0,1,0,3,"m","i","m","Asparagus retrofractus L.","Asparagus","retrofractus",""
"Asparagus rubicundus","ASPARAGACEAE",1,0,1,0,0,0,1,0,0,3,"m","i","m","Asparagus rubicundus P.J.Bergius","Asparagus","rubicundus",""
"Asparagus scandens","ASPARAGACEAE",1,0,1,0,0,0,0,1,0,3,"m","i","m","Asparagus scandens Thunb.","Asparagus","scandens",""
"Asparagus striatus","ASPARAGACEAE",1,0,1,0,0,1,0,0,0,3,"m","i","m","Asparagus striatus (L.f.) Thunb.","Asparagus","striatus",""
"Asparagus suaveolens","ASPARAGACEAE",1,0,1,0,0,1,0,0,0,3,"m","i","m","Asparagus suaveolens Burch.","Asparagus","suaveolens",""
"Athanasia flexuosa","ASTERACEAE",1,0,0,0,0,0,0,1,0,2,"h","i","w","Athanasia flexuosa Thunb.","Athanasia","flexuosa",""
"Athanasia trifurcata","ASTERACEAE",1,0,0,0,0,0,1,0,0,1,"h","i","w","Athanasia trifurcata (L.) L.","Athanasia","trifurcata",""
"Aulax cancellata","PROTEACEAE",0,1,0,1,0,0,0,1,0,2,"h","i","w","Aulax cancellata (L.) Druce","Aulax","cancellata",""
"Aulax pallasia","PROTEACEAE",0,1,1,1,0,0,0,1,0,3,"h","i","w","Aulax pallasia Stapf","Aulax","pallasia",""
"Aulax umbellata","PROTEACEAE",0,1,0,1,0,0,0,1,0,2,"h","i","w","Aulax umbellata (Thunb.) R.Br.","Aulax","umbellata",""
"Azima tetracantha","SALVADORACEAE",1,0,1,0,0,0,0,1,0,3,"m","i","m","Azima tetracantha Lam.","Azima","tetracantha",""
"Berzelia galpinii","BRUNIACEAE",1,0,1,0,0,0,1,0,0,2,"h","i","w","Berzelia galpinii Pillans","Berzelia","galpinii",""
"Berzelia intermedia","BRUNIACEAE",1,0,1,0,0,0,1,0,0,2,"h","i","w","Berzelia intermedia (D.Dietr.) Schltdl.","Berzelia","intermedia",""
"Berzelia lanuginosa","BRUNIACEAE",1,0,0,0,0,0,1,1,0,2,"h","i","w","Berzelia lanuginosa (L.) Brongn.","Berzelia","lanuginosa",""
"Brabejum stellatifolium","PROTEACEAE",1,0,1,0,0,0,0,0,1,3,"h","i","p","Brabejum stellatifolium L.","Brabejum","stellatifolium",""
"Brachiaria serrata","POACEAE",1,0,1,0,1,0,0,0,0,2,"l","w","w","Brachiaria serrata (Thunb.) Stapf","Brachiaria","serrata",""
"Brachylaena neriifolia","ASTERACEAE",1,0,1,0,0,0,0,1,1,3,"h","i","w","Brachylaena neriifolia (L.) R.Br.","Brachylaena","neriifolia",""
"Brunia albiflora","BRUNIACEAE",1,0,0,0,0,0,1,1,0,2,"h","i","w","Brunia albiflora E.Phillips","Brunia","albiflora",""
"Brunia alopecuroides","BRUNIACEAE",1,0,0,0,0,1,0,0,0,2,"h","i","w","Brunia alopecuroides Thunb.","Brunia","alopecuroides",""
"Brunia stokoei","BRUNIACEAE",1,0,0,0,0,0,1,1,0,2,"h","i","w","Brunia stokoei E.Phillips","Brunia","stokoei",""
"Bulbine frutescens","ASPHODELACEAE",1,0,1,0,0,1,0,0,0,2,"l","i","w","Bulbine frutescens (L.) Willd.","Bulbine","frutescens",""
"Calopsis aspera","RESTIONACEAE",0,1,0,0,1,0,0,0,0,2,"h","w","p","Calopsis aspera (Mast.) H.P.Linder","Calopsis","aspera",""
"Calopsis hyalina","RESTIONACEAE",0,1,1,0,1,0,0,0,0,2,"h","w","p","Calopsis hyalina (Mast.) H.P.Linder","Calopsis","hyalina",""
"Calopsis membranacea","RESTIONACEAE",0,1,1,0,1,0,0,0,0,2,"h","w","p","Calopsis membranacea (Pillans) H.P.Linder","Calopsis","membranacea",""
"Calopsis monostylis","RESTIONACEAE",0,1,0,0,1,0,0,0,0,2,"h","w","p","Calopsis monostylis (Pillans) H.P.Linder","Calopsis","monostylis",""
"Calopsis paniculata","RESTIONACEAE",0,1,1,0,1,0,0,0,0,2,"h","w","p","Calopsis paniculata (Rottb.) Desv.","Calopsis","paniculata",""
"Cannomois parviflora","RESTIONACEAE",0,1,1,0,1,0,0,0,0,2,"h","w","i","Cannomois parviflora (Thunb.) Pillans","Cannomois","parviflora",""
"Cannomois scirpoides","RESTIONACEAE",0,1,1,0,1,0,0,0,0,2,"h","w","i","Cannomois scirpoides (Kunth) Mast.","Cannomois","scirpoides",""
"Cannomois virgata","RESTIONACEAE",0,1,1,0,1,0,0,0,0,2,"h","w","i","Cannomois virgata (Rottb.) Steud.","Cannomois","virgata",""
"Capeobolus brevicaulis","CYPERACEAE",1,0,0,0,1,0,0,0,0,2,"m","w","p","Capeobolus brevicaulis (C.B.Clarke) Browning","Capeobolus","brevicaulis",""
"Carissa bispinosa","APOCYNACEAE",1,0,0,0,0,0,0,1,0,3,"l","i","m","Carissa bispinosa (L.) Desf. ex Brenan subsp. zambesiensis Kupicha","Carissa","bispinosa","zambesiensis"
"Carissa bispinosa","APOCYNACEAE",1,0,0,0,0,0,0,1,0,3,"l","i","m","Carissa bispinosa (L.) Desf. ex Brenan subsp. bispinosa","Carissa","bispinosa","bispinosa"
"Carpobrotus edulis","AIZOACEAE",1,0,0,0,0,1,0,0,0,2,"l","i","m","Carpobrotus edulis (L.) L.Bolus subsp. edulis","Carpobrotus","edulis","edulis"
"Carpobrotus edulis","AIZOACEAE",1,0,0,0,0,1,0,0,0,2,"l","i","m","Carpobrotus edulis (L.) L.Bolus subsp. parviflorus Wisura & Glen","Carpobrotus","edulis","parviflorus"
"Cassine peragua","CELASTRACEAE",1,0,1,0,0,0,0,1,1,3,"m","i","m","Cassine peragua L. subsp. peragua","Cassine","peragua","peragua"
"Cassine peragua","CELASTRACEAE",1,0,1,0,0,0,0,1,1,3,"m","i","m","Cassine peragua L. subsp. affinis (Sond.) R.H.Archer","Cassine","peragua","affinis"
"Cassine peragua","CELASTRACEAE",1,0,1,0,0,0,0,1,1,3,"m","i","m","Cassine peragua L. subsp. barbara (L.) R.H.Archer","Cassine","peragua","barbara"
"Cassine schinoides","CELASTRACEAE",1,0,1,0,0,0,0,0,1,3,"m","i","m","Cassine schinoides (Spreng.) R.H.Archer","Cassine","schinoides",""
"Cassytha ciliolata","LAURACEAE",1,0,0,0,0,0,0,0,1,2,"l","i","m","Cassytha ciliolata Nees","Cassytha","ciliolata",""
"Chironia baccifera","GENTIANACEAE",1,0,0,0,0,1,0,0,0,2,"m","i","m","Chironia baccifera L.","Chironia","baccifera",""
"Chondropetalum deustum","RESTIONACEAE",0,1,0,0,1,0,0,0,0,2,"h","w","p","Chondropetalum deustum Rottb.","Chondropetalum","deustum",""
"Chondropetalum mucronatum","RESTIONACEAE",0,1,0,0,1,0,0,0,0,2,"h","w","p","Chondropetalum mucronatum (Nees) Pillans","Chondropetalum","mucronatum",""
"Chrysitrix capensis","CYPERACEAE",1,0,1,0,1,0,0,0,0,2,"m","w","p","Chrysitrix capensis L. var. subteres C.B.Clarke","Chrysitrix","capensis",""
"Chrysitrix capensis","CYPERACEAE",1,0,1,0,1,0,0,0,0,2,"m","w","p","Chrysitrix capensis L. var. capensis","Chrysitrix","capensis",""
"Chrysocoma ciliata","ASTERACEAE",1,0,0,0,0,1,0,0,0,2,"h","i","w","Chrysocoma ciliata L.","Chrysocoma","ciliata",""
"Cissampelos capensis","MENISPERMACEAE",1,0,0,0,0,1,0,0,0,2,"l","i","u","Cissampelos capensis L.f.","Cissampelos","capensis",""
"Cliffortia atrata","ROSACEAE",1,1,0,0,0,1,0,0,0,2,"h","w","i","Cliffortia atrata Weim.","Cliffortia","atrata",""
"Cliffortia drepanoides","ROSACEAE",1,1,0,0,0,1,0,0,0,2,"h","w","p","Cliffortia drepanoides Eckl. & Zeyh.","Cliffortia","drepanoides",""
"Cliffortia falcata","ROSACEAE",1,1,0,0,0,1,0,0,0,2,"h","w","p","Cliffortia falcata L.f.","Cliffortia","falcata",""
"Cliffortia ruscifolia","ROSACEAE",1,1,1,0,0,0,1,0,0,2,"h","w","i","Cliffortia ruscifolia L. var. ruscifolia","Cliffortia","ruscifolia",""
"Cliffortia ruscifolia","ROSACEAE",1,1,1,0,0,0,1,0,0,2,"h","w","i","Cliffortia ruscifolia L. var. purpurea Weim.","Cliffortia","ruscifolia",""
"Cliffortia stricta","ROSACEAE",1,1,0,0,0,0,1,0,0,2,"h","w","p","Cliffortia stricta Weim.","Cliffortia","stricta",""
"Cliffortia strobilifera","ROSACEAE",1,1,1,0,0,0,0,1,0,2,"h","w","p","Cliffortia strobilifera L.","Cliffortia","strobilifera",""
"Clutia alaternoides","EUPHORBIACEAE",0,1,1,0,0,1,0,0,0,2,"m","i","p","Clutia alaternoides L. var. angustifolia E.Mey. ex Sond.","Clutia","alaternoides",""
"Clutia alaternoides","EUPHORBIACEAE",0,1,1,0,0,1,0,0,0,2,"m","i","p","Clutia alaternoides L. var. brevifolia E.Mey. ex Sond.","Clutia","alaternoides",""
"Clutia alaternoides","EUPHORBIACEAE",0,1,1,0,0,1,0,0,0,2,"m","i","p","Clutia alaternoides L. var. alaternoides","Clutia","alaternoides",""
"Clutia daphnoides","EUPHORBIACEAE",0,1,0,0,0,0,0,1,0,2,"h","i","p","Clutia daphnoides Lam.","Clutia","daphnoides",""
"Clutia ericoides","EUPHORBIACEAE",0,1,0,0,0,1,0,0,0,2,"m","i","p","Clutia ericoides Thunb. var. pachyphylla Prain","Clutia","ericoides",""
"Clutia ericoides","EUPHORBIACEAE",0,1,0,0,0,1,0,0,0,2,"m","i","p","Clutia ericoides Thunb. var. ericoides","Clutia","ericoides",""
"Clutia ericoides","EUPHORBIACEAE",0,1,0,0,0,1,0,0,0,2,"m","i","p","Clutia ericoides Thunb. var. tenuis Sond.","Clutia","ericoides",""
"Clutia polifolia","EUPHORBIACEAE",0,1,0,0,0,1,0,0,0,2,"h","i","p","Clutia polifolia Jacq.","Clutia","polifolia",""
"Clutia polygonoides","EUPHORBIACEAE",0,1,1,0,0,1,0,0,0,2,"h","i","p","Clutia polygonoides L.","Clutia","polygonoides",""
"Clutia pulchella","EUPHORBIACEAE",0,1,1,0,0,0,0,1,1,2,"h","i","p","Clutia pulchella L. var. franksiae Prain","Clutia","pulchella",""
"Clutia pulchella","EUPHORBIACEAE",0,1,1,0,0,0,0,1,1,2,"h","i","p","Clutia pulchella L. var. pulchella","Clutia","pulchella",""
"Clutia pulchella","EUPHORBIACEAE",0,1,1,0,0,0,0,1,1,2,"h","i","p","Clutia pulchella L. var. obtusata Sond.","Clutia","pulchella",""
"Coleonema juniperinum","RUTACEAE",1,0,0,0,0,1,0,0,0,2,"h","i","p","Coleonema juniperinum Sond.","Coleonema","juniperinum",""
"Crassula cultrata","CRASSULACEAE",1,0,0,0,0,1,0,0,0,2,"l","i","p","Crassula cultrata L.","Crassula","cultrata",""
"Crassula dejecta","CRASSULACEAE",1,0,0,0,0,1,0,0,0,2,"l","i","p","Crassula dejecta Jacq.","Crassula","dejecta",""
"Crassula fascicularis","CRASSULACEAE",1,0,0,0,0,1,0,0,0,2,"l","i","p","Crassula fascicularis Lam.","Crassula","fascicularis",""
"Crassula mollis","CRASSULACEAE",1,0,0,0,0,1,0,0,0,2,"l","i","p","Crassula mollis Thunb.","Crassula","mollis",""
"Crassula ovata","CRASSULACEAE",1,0,0,0,0,0,0,1,0,3,"l","i","p","Crassula ovata (Mill.) Druce","Crassula","ovata",""
"Cullumia bisulca","ASTERACEAE",1,0,0,0,0,1,0,0,0,1,"h","i","i","Cullumia bisulca (Thunb.) Less.","Cullumia","bisulca",""
"Cunonia capensis","CUNONIACEAE",1,0,1,0,0,0,0,0,1,3,"l","i","m","Cunonia capensis L.","Cunonia","capensis",""
"Curtisia dentata","CORNACEAE",1,0,1,0,0,0,0,0,1,3,"l","i","m","Curtisia dentata (Burm.f.) C.A.Sm.","Curtisia","dentata",""
"Cussonia spicata","ARALIACEAE",1,0,0,0,0,0,0,0,1,3,"l","i","m","Cussonia spicata Thunb.","Cussonia","spicata",""
"Cyclopia intermedia","FABACEAE",1,0,1,0,0,0,0,1,0,3,"h","i","p","Cyclopia intermedia E.Mey.","Cyclopia","intermedia",""
"Cyclopia sessiliflora","FABACEAE",1,0,1,0,0,1,0,0,0,3,"h","i","p","Cyclopia sessiliflora Eckl. & Zeyh.","Cyclopia","sessiliflora",""
"Cymbopogon marginatus","POACEAE",1,0,0,0,1,0,0,0,0,2,"h","w","w","Cymbopogon marginatus (Steud.) Stapf ex Burtt Davy","Cymbopogon","marginatus",""
"Cynodon dactylon","POACEAE",1,0,1,0,1,0,0,0,0,2,"l","i","w","Cynodon dactylon (L.) Pers.","Cynodon","dactylon",""
"Digitaria eriantha","POACEAE",1,0,1,0,1,0,0,0,0,1,"h","w","w","Digitaria eriantha Steud.","Digitaria","eriantha",""
"Diosma acmaeophylla","RUTACEAE",1,0,1,0,0,0,0,1,0,2,"h","i","p","Diosma acmaeophylla Eckl. & Zeyh.","Diosma","acmaeophylla",""
"Diosma hirsuta","RUTACEAE",1,0,1,0,0,1,0,0,0,2,"h","i","p","Diosma hirsuta L.","Diosma","hirsuta",""
"Diosma prama","RUTACEAE",1,0,0,0,0,1,0,0,0,2,"h","i","p","Diosma prama I.Williams","Diosma","prama",""
"Diospyros austro-africana","EBENACEAE",0,1,1,0,0,0,0,1,0,3,"h","i","m","Diospyros austro-africana De Winter var. austro-africana","Diospyros","austro-africana",""
"Diospyros austro-africana","EBENACEAE",0,1,1,0,0,0,0,1,0,3,"h","i","m","Diospyros austro-africana De Winter var. microphylla (Burch.) De Winter","Diospyros","austro-africana",""
"Diospyros austro-africana","EBENACEAE",0,1,1,0,0,0,0,1,0,3,"h","i","m","Diospyros austro-africana De Winter var. rubriflora (De Winter) De Winter","Diospyros","austro-africana",""
"Diospyros austro-africana","EBENACEAE",0,1,1,0,0,0,0,1,0,3,"h","i","m","Diospyros austro-africana De Winter var. rugosa (E.Mey. ex A.DC.) De Winter","Diospyros","austro-africana",""
"Diospyros dichrophylla","EBENACEAE",0,1,0,0,0,0,0,1,1,3,"h","i","m","Diospyros dichrophylla (Gand.) De Winter","Diospyros","dichrophylla",""
"Diospyros glabra","EBENACEAE",0,1,1,0,0,0,0,1,0,3,"h","i","m","Diospyros glabra (L.) De Winter","Diospyros","glabra",""
"Diospyros whyteana","EBENACEAE",0,1,0,0,0,0,0,1,1,3,"h","i","m","Diospyros whyteana (Hiern) F.White","Diospyros","whyteana",""
"Disparago ericoides","ASTERACEAE",1,0,0,0,0,1,0,0,0,2,"h","i","w","Disparago ericoides (P.J.Bergius) Gaertn.","Disparago","ericoides",""
"Dolichothrix ericoides","ASTERACEAE",1,0,1,0,0,1,0,0,0,3,"m","i","w","Dolichothrix ericoides (Lam.) Hilliard & B.L.Burtt","Dolichothrix","ericoides",""
"Drosanthemum lique","AIZOACEAE",1,0,0,0,0,1,0,0,0,3,"l","i","p","Drosanthemum lique (N.E.Br.) Schwantes","Drosanthemum","lique",""
"Edmondia sesamoides","ASTERACEAE",1,0,0,0,0,1,0,0,0,1,"l","i","w","Edmondia sesamoides (L.) Hilliard","Edmondia","sesamoides",""
"Ehrharta bulbosa","POACEAE",1,0,1,0,1,0,0,0,0,2,"h","w","w","Ehrharta bulbosa Sm.","Ehrharta","bulbosa",""
"Ehrharta calycina","POACEAE",1,0,1,0,1,0,0,0,0,1,"h","w","w","Ehrharta calycina Sm.","Ehrharta","calycina",""
"Ehrharta capensis","POACEAE",1,0,1,0,1,0,0,0,0,2,"h","w","w","Ehrharta capensis Thunb.","Ehrharta","capensis",""
"Ehrharta dura","POACEAE",1,0,1,0,1,0,0,0,0,3,"h","w","w","Ehrharta dura Nees ex Trin.","Ehrharta","dura",""
"Ehrharta ramosa","POACEAE",1,0,1,0,1,0,0,0,0,2,"h","w","w","Ehrharta ramosa (Thunb.) Thunb. subsp. ramosa","Ehrharta","ramosa","ramosa"
"Ehrharta ramosa","POACEAE",1,0,1,0,1,0,0,0,0,2,"h","w","w","Ehrharta ramosa (Thunb.) Thunb. subsp. aphylla (Schrad.) Gibbs Russ.","Ehrharta","ramosa","aphylla"
"Ehrharta rehmannii","POACEAE",1,0,0,0,1,0,0,0,0,2,"m","w","w","Ehrharta rehmannii Stapf subsp. subspicata (Stapf) Gibbs Russ.","Ehrharta","rehmannii","subspicata"
"Ehrharta rehmannii","POACEAE",1,0,0,0,1,0,0,0,0,2,"m","w","w","Ehrharta rehmannii Stapf subsp. filiformis (Stapf) Gibbs Russ.","Ehrharta","rehmannii","filiformis"
"Ehrharta rehmannii","POACEAE",1,0,0,0,1,0,0,0,0,2,"m","w","w","Ehrharta rehmannii Stapf subsp. rehmannii","Ehrharta","rehmannii","rehmannii"
"Ehrharta rupestris","POACEAE",1,0,0,0,1,0,0,0,0,2,"m","w","w","Ehrharta rupestris Nees ex Trin. subsp. dodii (Stapf) Gibbs Russ.","Ehrharta","rupestris","dodii"
"Ehrharta rupestris","POACEAE",1,0,0,0,1,0,0,0,0,2,"m","w","w","Ehrharta rupestris Nees ex Trin. subsp. tricostata (Stapf) Gibbs Russ.","Ehrharta","rupestris","tricostata"
"Ehrharta rupestris","POACEAE",1,0,0,0,1,0,0,0,0,2,"m","w","w","Ehrharta rupestris Nees ex Trin. subsp. rupestris","Ehrharta","rupestris","rupestris"
"Ehrharta setacea","POACEAE",1,0,1,0,1,0,0,0,0,2,"m","w","w","Ehrharta setacea Nees subsp. disticha (Stapf) Gibbs Russ.","Ehrharta","setacea","disticha"
"Ehrharta setacea","POACEAE",1,0,1,0,1,0,0,0,0,2,"m","w","w","Ehrharta setacea Nees subsp. uniflora (Burch. ex Stapf) Gibbs Russ.","Ehrharta","setacea","uniflora"
"Ehrharta setacea","POACEAE",1,0,1,0,1,0,0,0,0,2,"m","w","w","Ehrharta setacea Nees subsp. setacea","Ehrharta","setacea","setacea"
"Ehrharta setacea","POACEAE",1,0,1,0,1,0,0,0,0,2,"m","w","w","Ehrharta setacea Nees subsp. scabra (Stapf) Gibbs Russ.","Ehrharta","setacea","scabra"
"Elegia asperiflora","RESTIONACEAE",0,1,1,0,1,0,0,0,0,2,"h","w","p","Elegia asperiflora (Nees) Kunth","Elegia","asperiflora",""
"Elegia capensis","RESTIONACEAE",0,1,1,0,1,0,0,0,0,2,"h","w","p","Elegia capensis (Burm.f.) Schelpe","Elegia","capensis",""
"Elegia filacea","RESTIONACEAE",0,1,0,0,1,0,0,0,0,2,"h","w","p","Elegia filacea Mast.","Elegia","filacea",""
"Elegia galpinii","RESTIONACEAE",0,1,1,0,1,0,0,0,0,2,"h","w","p","Elegia galpinii N.E.Br.","Elegia","galpinii",""
"Elegia juncea","RESTIONACEAE",0,1,1,0,1,0,0,0,0,2,"h","w","p","Elegia juncea L.","Elegia","juncea",""
"Elegia neesii","RESTIONACEAE",0,1,0,0,1,0,0,0,0,2,"h","w","p","Elegia neesii Mast.","Elegia","neesii",""
"Elegia persistens","RESTIONACEAE",0,1,0,0,1,0,0,0,0,2,"h","w","p","Elegia persistens Mast.","Elegia","persistens",""
"Elegia racemosa","RESTIONACEAE",0,1,1,0,1,0,0,0,0,2,"h","w","p","Elegia racemosa (Poir.) Pers.","Elegia","racemosa",""
"Elegia spathacea","RESTIONACEAE",0,1,0,0,1,0,0,0,0,2,"h","w","p","Elegia spathacea Mast.","Elegia","spathacea",""
"Elegia stipularis","RESTIONACEAE",0,1,0,0,1,0,0,0,0,2,"h","w","p","Elegia stipularis Mast.","Elegia","stipularis",""
"Elegia vaginulata","RESTIONACEAE",0,1,1,0,1,0,0,0,0,2,"h","w","p","Elegia vaginulata Mast.","Elegia","vaginulata",""
"Epischoenus quadrangularis","CYPERACEAE",1,0,1,0,1,0,0,0,0,2,"h","w","p","Epischoenus quadrangularis (Boeck.) C.B.Clarke","Epischoenus","quadrangularis",""
"Eragrostis capensis","POACEAE",1,0,1,0,1,0,0,0,0,2,"h","w","w","Eragrostis capensis (Thunb.) Trin.","Eragrostis","capensis",""
"Eragrostis curvula","POACEAE",1,0,1,0,1,0,0,0,0,2,"h","w","w","Eragrostis curvula (Schrad.) Nees","Eragrostis","curvula",""
"Eragrostis obtusa","POACEAE",1,0,0,0,1,0,0,0,0,2,"m","w","w","Eragrostis obtusa Munro ex Ficalho & Hiern","Eragrostis","obtusa",""
"Erica anguliger","ERICACEAE",1,0,0,0,0,1,0,0,0,2,"h","i","p","Erica anguliger (N.E.Br.) E.G.H.Oliv.","Erica","anguliger",""
"Erica articularis","ERICACEAE",1,0,0,0,0,1,0,0,0,2,"h","i","p","Erica articularis L. var. implexa Bolus","Erica","articularis",""
"Erica articularis","ERICACEAE",1,0,0,0,0,1,0,0,0,2,"h","i","p","Erica articularis L. var. articularis","Erica","articularis",""
"Erica articularis","ERICACEAE",1,0,0,0,0,1,0,0,0,2,"h","i","p","Erica articularis L. var. meyeriana Bolus","Erica","articularis",""
"Erica blenna","ERICACEAE",1,0,0,0,0,1,0,0,0,2,"h","i","p","Erica blenna Salisb. var. grandiflora Bolus","Erica","blenna",""
"Erica blenna","ERICACEAE",1,0,0,0,0,1,0,0,0,2,"h","i","p","Erica blenna Salisb. var. blenna","Erica","blenna",""
"Erica bracteolaris","ERICACEAE",1,0,0,0,0,1,0,0,0,2,"h","i","p","Erica bracteolaris Lam.","Erica","bracteolaris",""
"Erica caffra","ERICACEAE",1,0,1,0,0,0,0,1,1,3,"h","i","p","Erica caffra L. var. caffra","Erica","caffra",""
"Erica caffra","ERICACEAE",1,0,1,0,0,0,0,1,1,3,"h","i","p","Erica caffra L. var. auricularis (Salisb.) Bolus","Erica","caffra",""
"Erica cerinthoides","ERICACEAE",1,0,1,0,0,1,0,0,0,3,"h","i","p","Erica cerinthoides L. var. barbertona (Galpin) Bolus","Erica","cerinthoides",""
"Erica cerinthoides","ERICACEAE",1,0,1,0,0,1,0,0,0,3,"h","i","p","Erica cerinthoides L. var. cerinthoides","Erica","cerinthoides",""
"Erica coccinea","ERICACEAE",1,0,1,0,0,0,1,0,0,2,"h","i","p","Erica coccinea L. subsp. coccinea","Erica","coccinea","coccinea"
"Erica coccinea","ERICACEAE",1,0,1,0,0,0,1,0,0,2,"h","i","p","Erica coccinea L. subsp. uniflora E.G.H.Oliv. & I.M.Oliv.","Erica","coccinea","uniflora"
"Erica conferta","ERICACEAE",1,0,0,0,0,1,0,0,0,2,"h","i","p","Erica conferta Andrews","Erica","conferta",""
"Erica cordata","ERICACEAE",1,0,0,0,0,1,0,0,0,2,"m","i","p","Erica cordata Andrews var. cordata","Erica","cordata",""
"Erica cordata","ERICACEAE",1,0,0,0,0,1,0,0,0,2,"m","i","p","Erica cordata Andrews var. arachnoidea (Klotzsch) Dulfer","Erica","cordata",""
"Erica corifolia","ERICACEAE",1,0,0,0,0,1,0,0,0,2,"h","i","p","Erica corifolia L. var. concolor Dulfer","Erica","corifolia",""
"Erica corifolia","ERICACEAE",1,0,0,0,0,1,0,0,0,2,"h","i","p","Erica corifolia L. var. erectiuscula (J.C.Wendl.) Dulfer","Erica","corifolia",""
"Erica corifolia","ERICACEAE",1,0,0,0,0,1,0,0,0,2,"h","i","p","Erica corifolia L. var. bracteata (Thunb.) Dulfer","Erica","corifolia",""
"Erica corifolia","ERICACEAE",1,0,0,0,0,1,0,0,0,2,"h","i","p","Erica corifolia L. var. corifolia","Erica","corifolia",""
"Erica cristata","ERICACEAE",1,0,0,0,0,1,0,0,0,2,"m","i","p","Erica cristata Dulfer","Erica","cristata",""
"Erica cubica","ERICACEAE",1,0,0,0,0,1,0,0,0,2,"h","i","p","Erica cubica L. var. cubica","Erica","cubica",""
"Erica cubica","ERICACEAE",1,0,0,0,0,1,0,0,0,2,"h","i","p","Erica cubica L. var. coronifera Bolus","Erica","cubica",""
"Erica cubica","ERICACEAE",1,0,0,0,0,1,0,0,0,2,"h","i","p","Erica cubica L. var. natalensis Bolus","Erica","cubica",""
"Erica curviflora","ERICACEAE",1,0,0,0,0,0,1,0,0,2,"h","m","p","Erica curviflora L.","Erica","curviflora",""
"Erica curviflora","ERICACEAE",1,0,0,0,0,0,1,0,0,2,"h","m","p","Erica curviflora L. var. curviflora","Erica","curviflora",""
"Erica demissa","ERICACEAE",1,0,0,0,0,1,0,0,0,2,"h","i","p","Erica demissa Klotzsch ex Benth. var. crassifolia Dulfer","Erica","demissa",""
"Erica demissa","ERICACEAE",1,0,0,0,0,1,0,0,0,2,"h","i","p","Erica demissa Klotzsch ex Benth. var. demissa","Erica","demissa",""
"Erica densifolia","ERICACEAE",1,0,0,0,0,0,1,0,0,2,"h","m","p","Erica densifolia Willd.","Erica","densifolia",""
"Erica discolor","ERICACEAE",1,0,0,0,0,1,0,0,0,2,"h","m","p","Erica discolor Andrews var. puberula Benth.","Erica","discolor",""
"Erica discolor","ERICACEAE",1,0,0,0,0,1,0,0,0,2,"h","m","p","Erica discolor Andrews var. discolor","Erica","discolor",""
"Erica equisetifolia","ERICACEAE",1,0,0,0,0,1,0,0,0,2,"h","i","p","Erica equisetifolia Salisb.","Erica","equisetifolia",""
"Erica ericoides","ERICACEAE",1,0,0,0,0,1,0,0,0,2,"h","i","p","Erica ericoides (L.) E.G.H.Oliv.","Erica","ericoides",""
"Erica fastigiata","ERICACEAE",1,0,0,0,0,1,0,0,0,2,"h","i","p","Erica fastigiata L. var. fastigiata","Erica","fastigiata",""
"Erica fastigiata","ERICACEAE",1,0,0,0,0,1,0,0,0,2,"h","i","p","Erica fastigiata L. var. longituba L.Bolus","Erica","fastigiata",""
"Erica fastigiata","ERICACEAE",1,0,0,0,0,1,0,0,0,2,"h","i","p","Erica fastigiata L. var. coventryi Bolus","Erica","fastigiata",""
"Erica fastigiata","ERICACEAE",1,0,0,0,0,1,0,0,0,2,"h","i","p","Erica fastigiata L. var. immaculata Bolus","Erica","fastigiata",""
"Erica grata","ERICACEAE",1,0,0,0,0,1,0,0,0,2,"h","i","p","Erica grata Guthrie & Bolus","Erica","grata",""
"Erica hispidula","ERICACEAE",1,0,0,0,0,1,0,0,0,2,"h","w","p","Erica hispidula L. var. serpyllifolia (Andrews) Benth.","Erica","hispidula",""
"Erica hispidula","ERICACEAE",1,0,0,0,0,1,0,0,0,2,"h","w","p","Erica hispidula L. var. hispidula","Erica","hispidula",""
"Erica hispidula","ERICACEAE",1,0,0,0,0,1,0,0,0,2,"h","w","p","Erica hispidula L. var. viscidula (L.Bolus) Dulfer","Erica","hispidula",""
"Erica hispidula","ERICACEAE",1,0,0,0,0,1,0,0,0,2,"h","w","p","Erica hispidula L. var. micrantha Benth.","Erica","hispidula",""
"Erica imbricata","ERICACEAE",1,0,0,0,0,1,0,0,0,2,"h","i","p","Erica imbricata L.","Erica","imbricata",""
"Erica intervallaris","ERICACEAE",1,0,0,0,0,1,0,0,0,2,"h","i","p","Erica intervallaris Salisb. var. trifolia H.A.Baker","Erica","intervallaris",""
"Erica intervallaris","ERICACEAE",1,0,0,0,0,1,0,0,0,2,"h","i","p","Erica intervallaris Salisb. var. grandiflora Bolus","Erica","intervallaris",""
"Erica intervallaris","ERICACEAE",1,0,0,0,0,1,0,0,0,2,"h","i","p","Erica intervallaris Salisb. var. intervallaris","Erica","intervallaris",""
"Erica longimontana","ERICACEAE",1,0,0,0,0,1,0,0,0,2,"h","i","p","Erica longimontana E.G.H.Oliv.","Erica","longimontana",""
"Erica mammosa","ERICACEAE",1,0,1,0,0,0,1,0,0,3,"h","m","p","Erica mammosa L.","Erica","mammosa",""
"Erica massonii","ERICACEAE",1,0,0,0,0,1,0,0,0,2,"m","m","p","Erica massonii L.f. var. minor Benth.","Erica","massonii",""
"Erica massonii","ERICACEAE",1,0,0,0,0,1,0,0,0,2,"m","m","p","Erica massonii L.f. var. massonii","Erica","massonii",""
"Erica melanthera","ERICACEAE",1,0,0,0,0,1,0,0,0,2,"h","i","p","Erica melanthera L.","Erica","melanthera",""
"Erica newdigateae","ERICACEAE",1,0,0,0,0,1,0,0,0,2,"h","i","p","Erica newdigateae Dulfer","Erica","newdigateae",""
"Erica nudiflora","ERICACEAE",1,0,0,0,0,1,0,0,0,2,"h","i","p","Erica nudiflora L.","Erica","nudiflora",""
"Erica pectinifolia","ERICACEAE",1,0,1,0,0,0,1,0,0,2,"h","m","p","Erica pectinifolia Salisb. var. pectinifolia","Erica","pectinifolia",""
"Erica pectinifolia","ERICACEAE",1,0,1,0,0,0,1,0,0,2,"h","m","p","Erica pectinifolia Salisb. var. oblongifolia Dulfer","Erica","pectinifolia",""
"Erica penicilliformis","ERICACEAE",1,0,0,0,0,1,0,0,0,2,"h","i","p","Erica penicilliformis Salisb. var. chrysantha (Klotzsch ex Benth.) Dulfer","Erica","penicilliformis",""
"Erica penicilliformis","ERICACEAE",1,0,0,0,0,1,0,0,0,2,"h","i","p","Erica penicilliformis Salisb. var. penicilliformis","Erica","penicilliformis",""
"Erica petraea","ERICACEAE",1,0,0,0,0,1,0,0,0,2,"h","i","p","Erica petraea Benth.","Erica","petraea",""
"Erica placentiflora","ERICACEAE",1,0,0,0,0,1,0,0,0,2,"h","i","p","Erica placentiflora Salisb.","Erica","placentiflora",""
"Erica plumosa","ERICACEAE",1,0,0,0,0,1,0,0,0,2,"h","i","p","Erica plumosa Thunb.","Erica","plumosa",""
"Erica pulchella","ERICACEAE",1,0,0,0,0,1,0,0,0,2,"h","i","p","Erica pulchella Houtt. var. pulchella","Erica","pulchella",""
"Erica pulchella","ERICACEAE",1,0,0,0,0,1,0,0,0,2,"h","i","p","Erica pulchella Houtt. var. major T.M.Salter","Erica","pulchella",""
"Erica quadrangularis","ERICACEAE",1,0,0,0,0,1,0,0,0,2,"h","i","p","Erica quadrangularis Salisb.","Erica","quadrangularis",""
"Erica regerminans","ERICACEAE",1,0,0,0,0,0,1,0,0,2,"h","i","p","Erica regerminans L.","Erica","regerminans",""
"Erica seriphiifolia","ERICACEAE",1,0,0,0,0,1,0,0,0,2,"h","i","p","Erica seriphiifolia Salisb.","Erica","seriphiifolia",""
"Erica sessiliflora","ERICACEAE",1,0,0,1,0,0,0,1,0,2,"h","m","p","Erica sessiliflora L.f.","Erica","sessiliflora",""
"Erica sitiens","ERICACEAE",1,0,0,0,0,1,0,0,0,2,"h","i","p","Erica sitiens Klotzsch","Erica","sitiens",""
"Erica strigilifolia","ERICACEAE",1,0,1,0,0,1,0,0,0,2,"h","i","p","Erica strigilifolia Salisb. var. rosea Bolus","Erica","strigilifolia",""
"Erica strigilifolia","ERICACEAE",1,0,1,0,0,1,0,0,0,2,"h","i","p","Erica strigilifolia Salisb. var. strigilifolia","Erica","strigilifolia",""
"Erica triceps","ERICACEAE",1,0,0,0,0,1,0,0,0,2,"h","i","p","Erica triceps Link","Erica","triceps",""
"Erica uberiflora","ERICACEAE",1,0,0,0,0,1,0,0,0,2,"h","i","p","Erica uberiflora E.G.H.Oliv.","Erica","uberiflora",""
"Erica umbelliflora","ERICACEAE",1,0,1,0,0,1,0,0,0,2,"h","i","p","Erica umbelliflora Klotzsch ex Benth.","Erica","umbelliflora",""
"Erica versicolor","ERICACEAE",1,0,0,0,0,0,0,1,0,2,"h","m","p","Erica versicolor Andrews","Erica","versicolor",""
"Erica vestita","ERICACEAE",1,0,0,0,0,1,0,0,0,2,"h","m","p","Erica vestita Thunb.","Erica","vestita",""
"Eriocephalus africanus","ASTERACEAE",1,0,0,0,0,1,0,0,0,2,"h","i","w","Eriocephalus africanus L. var. africanus","Eriocephalus","africanus",""
"Eriocephalus africanus","ASTERACEAE",1,0,0,0,0,1,0,0,0,2,"h","i","w","Eriocephalus africanus L. var. paniculatus (Cass.) M.A.N.Müll.,P.P.J.Herman & Kolberg","Eriocephalus","africanus",""
"Euclea acutifolia","EBENACEAE",0,1,1,0,0,1,0,0,0,3,"h","i","m","Euclea acutifolia E.Mey. ex A.DC.","Euclea","acutifolia",""
"Euclea polyandra","EBENACEAE",0,1,1,0,0,0,1,1,0,3,"h","i","m","Euclea polyandra (L.f.) E.Mey. ex Hiern","Euclea","polyandra",""
"Euclea racemosa","EBENACEAE",0,1,1,0,0,0,0,1,1,3,"h","i","m","Euclea racemosa Murray subsp. macrophylla (E.Mey. ex A.DC.) F.White","Euclea","racemosa","macrophylla"
"Euclea racemosa","EBENACEAE",0,1,1,0,0,0,0,1,1,3,"h","i","m","Euclea racemosa Murray subsp. zuluensis F.White","Euclea","racemosa","zuluensis"
"Euclea racemosa","EBENACEAE",0,1,1,0,0,0,0,1,1,3,"h","i","m","Euclea racemosa Murray subsp. sinuata F.White","Euclea","racemosa","sinuata"
"Euclea racemosa","EBENACEAE",0,1,1,0,0,0,0,1,1,3,"h","i","m","Euclea racemosa Murray subsp. bernardii F.White","Euclea","racemosa","bernardii"
"Euclea racemosa","EBENACEAE",0,1,1,0,0,0,0,1,1,3,"h","i","m","Euclea racemosa Murray subsp. racemosa","Euclea","racemosa","racemosa"
"Euclea tomentosa","EBENACEAE",0,1,1,0,0,0,0,1,1,3,"h","i","m","Euclea tomentosa E.Mey. ex A.DC.","Euclea","tomentosa",""
"Euclea undulata","EBENACEAE",0,1,1,0,0,0,0,1,1,3,"m","i","m","Euclea undulata Thunb.","Euclea","undulata",""
"Euphorbia mauritanica","EUPHORBIACEAE",1,0,0,0,0,0,0,1,0,3,"l","i","i","Euphorbia mauritanica L. var. lignosa A.C.White, R.A.Dyer & B.Sloane","Euphorbia","mauritanica",""
"Euphorbia mauritanica","EUPHORBIACEAE",1,0,0,0,0,0,0,1,0,3,"l","i","i","Euphorbia mauritanica L. var. foetens A.C.White, R.A.Dyer & B.Sloane","Euphorbia","mauritanica",""
"Euphorbia mauritanica","EUPHORBIACEAE",1,0,0,0,0,0,0,1,0,3,"l","i","i","Euphorbia mauritanica L. var. mauritanica","Euphorbia","mauritanica",""
"Euphorbia mauritanica","EUPHORBIACEAE",1,0,0,0,0,0,0,1,0,3,"l","i","i","Euphorbia mauritanica L. var. minor A.C.White, R.A.Dyer & B.Sloane","Euphorbia","mauritanica",""
"Euphorbia mauritanica","EUPHORBIACEAE",1,0,0,0,0,0,0,1,0,3,"l","i","i","Euphorbia mauritanica L. var. corallothamnus (Dinter) A.C.White, R.A.Dyer & B.Sloane","Euphorbia","mauritanica",""
"Euphorbia mauritanica","EUPHORBIACEAE",1,0,0,0,0,0,0,1,0,3,"l","i","i","Euphorbia mauritanica L. var. namaquensis N.E.Br.","Euphorbia","mauritanica",""
"Euryops abrotanifolius","ASTERACEAE",1,0,0,0,0,1,0,0,0,2,"m","i","i","Euryops abrotanifolius (L.) DC.","Euryops","abrotanifolius",""
"Euryops munitus","ASTERACEAE",1,0,0,0,0,1,0,0,0,2,"m","i","i","Euryops munitus (L.f.) B.Nord.","Euryops","munitus",""
"Eustachys paspaloides","POACEAE",1,0,1,0,1,0,0,0,0,2,"m","w","w","Eustachys paspaloides (Vahl) Lanza & Mattei","Eustachys","paspaloides",""
"Felicia filifolia","ASTERACEAE",1,0,0,0,0,1,0,0,0,3,"h","i","w","Felicia filifolia (Vent.) Burtt Davy subsp. bodkinii (Compton) Grau","Felicia","filifolia","bodkinii"
"Felicia filifolia","ASTERACEAE",1,0,0,0,0,1,0,0,0,3,"h","i","w","Felicia filifolia (Vent.) Burtt Davy subsp. schlechteri (Compton) Grau","Felicia","filifolia","schlechteri"
"Felicia filifolia","ASTERACEAE",1,0,0,0,0,1,0,0,0,3,"h","i","w","Felicia filifolia (Vent.) Burtt Davy subsp. filifolia","Felicia","filifolia","filifolia"
"Felicia filifolia","ASTERACEAE",1,0,0,0,0,1,0,0,0,3,"h","i","w","Felicia filifolia (Vent.) Burtt Davy subsp. schaeferi (Dinter) Grau","Felicia","filifolia","schaeferi"
"Festuca scabra","POACEAE",1,0,1,0,1,0,0,0,0,2,"h","w","w","Festuca scabra Vahl","Festuca","scabra",""
"Ficinia acuminata","CYPERACEAE",1,0,1,0,1,0,0,0,0,2,"m","w","i","Ficinia acuminata (Nees) Nees","Ficinia","acuminata",""
"Ficinia brevifolia","CYPERACEAE",1,0,1,0,1,0,0,0,0,1,"m","w","i","Ficinia brevifolia Kunth","Ficinia","brevifolia",""
"Ficinia bulbosa","CYPERACEAE",1,0,1,0,1,0,0,0,0,1,"l","w","i","Ficinia bulbosa (L.) Nees","Ficinia","bulbosa",""
"Ficinia cedarbergensis","CYPERACEAE",1,0,1,0,1,0,0,0,0,2,"m","w","i","Ficinia cedarbergensis T.H.Arnold & Gordon-Gray","Ficinia","cedarbergensis",""
"Ficinia deusta","CYPERACEAE",1,0,1,0,1,0,0,0,0,2,"m","w","i","Ficinia deusta (P.J.Bergius) Levyns","Ficinia","deusta",""
"Ficinia dunensis","CYPERACEAE",1,0,1,0,1,0,0,0,0,2,"m","w","i","Ficinia dunensis Levyns","Ficinia","dunensis",""
"Ficinia indica","CYPERACEAE",1,0,1,0,1,0,0,0,0,2,"m","w","i","Ficinia indica (Lam.) Pfeiff.","Ficinia","indica",""
"Ficinia nigrescens","CYPERACEAE",1,0,1,0,1,0,0,0,0,1,"m","w","i","Ficinia nigrescens (Schrad.) J.Raynal","Ficinia","nigrescens",""
"Ficinia ramosissima","CYPERACEAE",1,0,1,0,1,0,0,0,0,2,"m","w","i","Ficinia ramosissima Kunth","Ficinia","ramosissima",""
"Ficinia secunda","CYPERACEAE",1,0,1,0,1,0,0,0,0,2,"h","w","i","Ficinia secunda (Vahl) Kunth","Ficinia","secunda",""
"Ficinia trichodes","CYPERACEAE",1,0,1,0,1,0,0,0,0,2,"m","w","i","Ficinia trichodes (Schrad.) Benth. & Hook.f.","Ficinia","trichodes",""
"Freylinia lanceolata","SCROPHULARIACEAE",1,0,1,0,0,0,0,0,1,2,"h","i","p","Freylinia lanceolata (L.f.) G.Don","Freylinia","lanceolata",""
"Gibbaria scabra","ASTERACEAE",1,0,1,0,0,1,0,0,0,2,"h","i","i","Gibbaria scabra (Thunb.) Norl.","Gibbaria","scabra",""
"Gnidia galpinii","THYMELAEACEAE",1,0,0,0,0,1,0,0,0,2,"m","i","p","Gnidia galpinii C.H.Wright","Gnidia","galpinii",""
"Gnidia geminiflora","THYMELAEACEAE",1,0,1,0,0,1,0,0,0,2,"m","i","p","Gnidia geminiflora E.Mey. ex Meisn.","Gnidia","geminiflora",""
"Gnidia juniperifolia","THYMELAEACEAE",1,0,1,0,0,1,0,0,0,2,"m","i","p","Gnidia juniperifolia Lam.","Gnidia","juniperifolia",""
"Gnidia oppositifolia","THYMELAEACEAE",1,0,0,0,0,0,0,1,0,2,"h","i","p","Gnidia oppositifolia L.","Gnidia","oppositifolia",""
"Gomphocarpus cancellatus","APOCYNACEAE",1,0,1,0,0,0,1,0,0,3,"l","i","w","Gomphocarpus cancellatus (Burm.f.) Bruyns","Gomphocarpus","cancellatus",""
"Grubbia rosmarinifolia","GRUBBIACEAE",1,0,0,0,0,0,1,0,0,2,"h","w","p","Grubbia rosmarinifolia P.J.Bergius subsp. rosmarinifolia var. rosmarinifolia","Grubbia","rosmarinifolia","rosmarinifolia"
"Grubbia rosmarinifolia","GRUBBIACEAE",1,0,0,0,0,0,1,0,0,2,"h","w","p","Grubbia rosmarinifolia P.J.Bergius subsp. gracilis (T.M.Salter) Carlquist","Grubbia","rosmarinifolia","gracilis"
"Grubbia rosmarinifolia","GRUBBIACEAE",1,0,0,0,0,0,1,0,0,2,"h","w","p","Grubbia rosmarinifolia P.J.Bergius subsp. rosmarinifolia var. pinifolia (Sond.) Carlquist","Grubbia","rosmarinifolia","rosmarinifolia"
"Grubbia rosmarinifolia","GRUBBIACEAE",1,0,0,0,0,0,1,0,0,2,"h","w","p","Grubbia rosmarinifolia P.J.Bergius subsp. hirsuta (E.Mey. ex DC.) Carlquist","Grubbia","rosmarinifolia","hirsuta"
"Grubbia tomentosa","GRUBBIACEAE",1,0,1,0,0,0,1,0,0,3,"h","w","p","Grubbia tomentosa (Thunb.) Harms","Grubbia","tomentosa",""
"Hakea sericea","PROTEACEAE",1,0,0,0,0,0,0,0,1,2,"h","w","w","Hakea sericea Schrad. & J.C.Wendl.","Hakea","sericea",""
"Halleria elliptica","SCROPHULARIACEAE",1,0,1,0,0,0,1,0,0,3,"h","m","m","Halleria elliptica Thunb.","Halleria","elliptica",""
"Halleria lucida","SCROPHULARIACEAE",1,0,1,0,0,0,0,0,1,3,"h","m","m","Halleria lucida L.","Halleria","lucida",""
"Heeria argentea","ANACARDIACEAE",1,0,1,0,0,0,0,0,1,3,"m","i","m","Heeria argentea (Thunb.) Meisn.","Heeria","argentea",""
"Helichrysum anomalum","ASTERACEAE",1,0,0,0,0,1,0,0,0,1,"m","i","w","Helichrysum anomalum Less.","Helichrysum","anomalum",""
"Helichrysum asperum","ASTERACEAE",1,0,0,0,0,1,0,0,0,2,"h","i","w","Helichrysum asperum (Thunb.) Hilliard & B.L.Burtt var. albidulum (DC.) Hilliard","Helichrysum","asperum",""
"Helichrysum asperum","ASTERACEAE",1,0,0,0,0,1,0,0,0,2,"h","i","w","Helichrysum asperum (Thunb.) Hilliard & B.L.Burtt var. comosum (Sch.Bip.) Hilliard","Helichrysum","asperum",""
"Helichrysum asperum","ASTERACEAE",1,0,0,0,0,1,0,0,0,2,"h","i","w","Helichrysum asperum (Thunb.) Hilliard & B.L.Burtt var. appressifolium (Moeser) Hilliard","Helichrysum","asperum",""
"Helichrysum asperum","ASTERACEAE",1,0,0,0,0,1,0,0,0,2,"h","i","w","Helichrysum asperum (Thunb.) Hilliard & B.L.Burtt var. glabrum Hilliard","Helichrysum","asperum",""
"Helichrysum asperum","ASTERACEAE",1,0,0,0,0,1,0,0,0,2,"h","i","w","Helichrysum asperum (Thunb.) Hilliard & B.L.Burtt var. asperum","Helichrysum","asperum",""
"Helichrysum crispum","ASTERACEAE",1,0,0,0,0,1,0,0,0,2,"h","i","w","Helichrysum crispum (L.) D.Don","Helichrysum","crispum",""
"Helichrysum cylindriflorum","ASTERACEAE",1,0,0,0,0,1,0,0,0,1,"m","i","w","Helichrysum cylindriflorum (L.) Hilliard & B.L.Burtt","Helichrysum","cylindriflorum",""
"Helichrysum cymosum","ASTERACEAE",1,0,0,0,0,1,0,0,0,1,"m","i","w","Helichrysum cymosum (L.) D.Don subsp. calvum Hilliard","Helichrysum","cymosum","calvum"
"Helichrysum cymosum","ASTERACEAE",1,0,0,0,0,1,0,0,0,1,"m","i","w","Helichrysum cymosum (L.) D.Don subsp. cymosum","Helichrysum","cymosum","cymosum"
"Helichrysum dasyanthum","ASTERACEAE",1,0,0,0,0,0,1,0,0,2,"h","i","w","Helichrysum dasyanthum (Willd.) Sweet","Helichrysum","dasyanthum",""
"Helichrysum felinum","ASTERACEAE",1,0,0,0,0,1,0,0,0,2,"m","i","w","Helichrysum felinum Less.","Helichrysum","felinum",""
"Helichrysum nudifolium","ASTERACEAE",1,0,1,0,0,0,1,0,0,2,"m","i","w","Helichrysum nudifolium (L.) Less. var. pilosellum (L.f.) Beentje","Helichrysum","nudifolium",""
"Helichrysum nudifolium","ASTERACEAE",1,0,1,0,0,0,1,0,0,2,"m","i","w","Helichrysum nudifolium (L.) Less. var. nudifolium","Helichrysum","nudifolium",""
"Helichrysum nudifolium","ASTERACEAE",1,0,1,0,0,0,1,0,0,2,"m","i","w","Helichrysum nudifolium (L.) Less. var. oxyphyllum (DC.) Beentje","Helichrysum","nudifolium",""
"Helichrysum patulum","ASTERACEAE",1,0,0,0,0,1,0,0,0,2,"h","i","w","Helichrysum patulum (L.) D.Don","Helichrysum","patulum",""
"Helichrysum petiolare","ASTERACEAE",1,0,0,0,0,0,0,1,0,2,"h","i","w","Helichrysum petiolare Hilliard & B.L.Burtt","Helichrysum","petiolare",""
"Helichrysum teretifolium","ASTERACEAE",1,0,1,0,0,1,0,0,0,2,"h","i","w","Helichrysum teretifolium (L.) D.Don","Helichrysum","teretifolium",""
"Helichrysum zeyheri","ASTERACEAE",1,0,0,0,0,1,0,0,0,2,"h","i","w","Helichrysum zeyheri Less.","Helichrysum","zeyheri",""
"Hermannia flammea","MALVACEAE",1,0,0,0,0,1,0,0,0,1,"m","i","p","Hermannia flammea Jacq.","Hermannia","flammea",""
"Hermannia involucrata","MALVACEAE",1,0,0,0,0,0,1,0,0,1,"h","i","p","Hermannia involucrata Cav.","Hermannia","involucrata",""
"Hermannia multiflora","MALVACEAE",1,0,0,0,0,1,0,0,0,1,"h","i","p","Hermannia multiflora Jacq.","Hermannia","multiflora",""
"Hermannia odorata","MALVACEAE",1,0,0,0,0,0,1,0,0,1,"h","i","p","Hermannia odorata Aiton","Hermannia","odorata",""
"Heteropogon contortus","POACEAE",1,0,1,0,1,0,0,0,0,1,"h","w","w","Heteropogon contortus (L.) Roem. & Schult.","Heteropogon","contortus",""
"Hibiscus aethiopicus","MALVACEAE",1,0,1,0,0,1,0,0,0,2,"l","i","p","Hibiscus aethiopicus L. var. ovatus Harv.","Hibiscus","aethiopicus",""
"Hibiscus aethiopicus","MALVACEAE",1,0,1,0,0,1,0,0,0,2,"l","i","p","Hibiscus aethiopicus L. var. aethiopicus","Hibiscus","aethiopicus",""
"Hibiscus aethiopicus","MALVACEAE",1,0,1,0,0,1,0,0,0,2,"l","i","p","Hibiscus aethiopicus L. var. angustifolius (Eckl. & Zeyh.) Exell","Hibiscus","aethiopicus",""
"Hibiscus pusillus","MALVACEAE",1,0,1,0,0,1,0,0,0,2,"l","i","p","Hibiscus pusillus Thunb.","Hibiscus","pusillus",""
"Hippia integrifolia","ASTERACEAE",1,0,0,0,0,1,0,0,0,1,"l","i","w","Hippia integrifolia Less.","Hippia","integrifolia",""
"Hypodiscus albo-aristatus","RESTIONACEAE",0,1,0,0,1,0,0,0,0,2,"h","w","i","Hypodiscus albo-aristatus (Nees) Mast.","Hypodiscus","albo-aristatus",""
"Hypodiscus argenteus","RESTIONACEAE",0,1,1,0,1,0,0,0,0,2,"h","w","i","Hypodiscus argenteus (Thunb.) Mast.","Hypodiscus","argenteus",""
"Hypodiscus aristatus","RESTIONACEAE",0,1,1,0,1,0,0,0,0,2,"h","w","i","Hypodiscus aristatus (Thunb.) C.Krauss","Hypodiscus","aristatus",""
"Hypodiscus laevigatus","RESTIONACEAE",0,1,1,0,1,0,0,0,0,2,"h","w","i","Hypodiscus laevigatus (Kunth) H.P.Linder","Hypodiscus","laevigatus",""
"Hypodiscus neesii","RESTIONACEAE",0,1,0,0,1,0,0,0,0,2,"h","w","i","Hypodiscus neesii Mast.","Hypodiscus","neesii",""
"Hypodiscus striatus","RESTIONACEAE",0,1,1,0,1,0,0,0,0,2,"h","w","i","Hypodiscus striatus (Kunth) Mast.","Hypodiscus","striatus",""
"Hypodiscus willdenowia","RESTIONACEAE",0,1,1,0,1,0,0,0,0,2,"h","w","i","Hypodiscus willdenowia (Nees) Mast.","Hypodiscus","willdenowia",""
"Ilex mitis","AQUIFOLIACEAE",1,0,0,0,0,0,0,0,1,3,"m","i","m","Ilex mitis (L.) Radlk. var. mitis","Ilex","mitis",""
"Ilex mitis","AQUIFOLIACEAE",1,0,0,0,0,0,0,0,1,3,"m","i","m","Ilex mitis (L.) Radlk. var. schliebeni Loes.","Ilex","mitis",""
"Indigofera denudata","FABACEAE",1,0,0,0,0,0,1,0,0,2,"h","i","p","Indigofera denudata L.f.","Indigofera","denudata",""
"Indigofera flabellata","FABACEAE",1,0,0,0,0,0,1,0,0,2,"h","i","p","Indigofera flabellata Harv.","Indigofera","flabellata",""
"Indigofera heterophylla","FABACEAE",1,0,1,0,0,1,0,0,0,2,"m","i","p","Indigofera heterophylla Thunb.","Indigofera","heterophylla",""
"Indigofera sarmentosa","FABACEAE",1,0,0,0,0,1,0,0,0,2,"h","i","p","Indigofera sarmentosa L.f.","Indigofera","sarmentosa",""
"Ischyrolepis capensis","RESTIONACEAE",0,1,1,0,1,0,0,0,0,2,"h","w","p","Ischyrolepis capensis (L.) H.P.Linder","Ischyrolepis","capensis",""
"Ischyrolepis gaudichaudiana","RESTIONACEAE",0,1,1,0,1,0,0,0,0,2,"h","w","p","Ischyrolepis gaudichaudiana (Kunth) H.P.Linder var. luxurians Pillans","Ischyrolepis","gaudichaudiana",""
"Ischyrolepis gaudichaudiana","RESTIONACEAE",0,1,1,0,1,0,0,0,0,2,"h","w","p","Ischyrolepis gaudichaudiana (Kunth) H.P.Linder var. gaudichaudiana","Ischyrolepis","gaudichaudiana",""
"Ischyrolepis monanthos","RESTIONACEAE",0,1,0,0,1,0,0,0,0,2,"h","w","p","Ischyrolepis monanthos (Mast.) H.P.Linder","Ischyrolepis","monanthos",""
"Ischyrolepis ocreata","RESTIONACEAE",0,1,0,0,1,0,0,0,0,2,"h","w","p","Ischyrolepis ocreata (Kunth) H.P.Linder","Ischyrolepis","ocreata",""
"Ischyrolepis sieberi","RESTIONACEAE",0,1,1,0,1,0,0,0,0,2,"h","w","p","Ischyrolepis sieberi (Kunth) H.P.Linder","Ischyrolepis","sieberi",""
"Ischyrolepis subverticillata","RESTIONACEAE",0,1,1,0,1,0,0,0,0,2,"h","w","p","Ischyrolepis subverticillata Steud.","Ischyrolepis","subverticillata",""
"Ischyrolepis unispicata","RESTIONACEAE",0,1,1,0,1,0,0,0,0,2,"h","w","p","Ischyrolepis unispicata H.P.Linder","Ischyrolepis","unispicata",""
"Ischyrolepis virgea","RESTIONACEAE",0,1,1,0,1,0,0,0,0,2,"h","w","p","Ischyrolepis virgea (Mast.) H.P.Linder","Ischyrolepis","virgea",""
"Juncus lomatophyllus","JUNCACEAE",1,0,1,0,1,0,0,0,0,2,"m","w","p","Juncus lomatophyllus Spreng.","Juncus","lomatophyllus",""
"Kiggelaria africana","ACHARIACEAE",1,0,0,0,0,0,0,0,1,3,"h","i","m","Kiggelaria africana L.","Kiggelaria","africana",""
"Lachnaea grandiflora","THYMELAEACEAE",1,0,1,0,0,1,0,0,0,3,"h","i","p","Lachnaea grandiflora (L.f.) Baill.","Lachnaea","grandiflora",""
"Lampranthus laetus","AIZOACEAE",1,0,0,0,0,1,0,0,0,2,"l","i","p","Lampranthus laetus (L.Bolus) L.Bolus","Lampranthus","laetus",""
"Lampranthus scaber","AIZOACEAE",1,0,0,0,0,1,0,0,0,2,"l","i","p","Lampranthus scaber (L.) N.E.Br.","Lampranthus","scaber",""
"Langebergia canescens","ASTERACEAE",1,0,0,0,0,1,0,0,0,2,"m","i","w","Langebergia canescens (DC.) Anderb.","Langebergia","canescens",""
"Laurophyllus capensis","ANACARDIACEAE",1,0,1,1,0,0,0,1,1,3,"h","i","w","Laurophyllus capensis Thunb.","Laurophyllus","capensis",""
"Leonotis ocymifolia","LAMIACEAE",1,0,0,0,0,0,0,1,0,2,"h","m","p","Leonotis ocymifolia (Burm.f.) Iwarsson","Leonotis","ocymifolia",""
"Leucadendron album","PROTEACEAE",0,1,0,1,0,1,0,0,0,2,"h","i","w","Leucadendron album (Thunb.) Fourc.","Leucadendron","album",""
"Leucadendron coniferum","PROTEACEAE",0,1,0,1,0,0,0,1,1,2,"h","w","w","Leucadendron coniferum (L.) Meisn.","Leucadendron","coniferum",""
"Leucadendron dubium","PROTEACEAE",0,1,0,0,0,0,1,0,0,2,"h","w","p","Leucadendron dubium (H.Buek ex Meisn.) E.Phillips & Hutch.","Leucadendron","dubium",""
"Leucadendron eucalyptifolium","PROTEACEAE",0,1,0,1,0,0,0,1,1,2,"h","i","w","Leucadendron eucalyptifolium H.Buek ex Meisn.","Leucadendron","eucalyptifolium",""
"Leucadendron gandogeri","PROTEACEAE",0,1,0,1,0,0,1,0,0,2,"h","i","w","Leucadendron gandogeri Schinz ex Gand.","Leucadendron","gandogeri",""
"Leucadendron laureolum","PROTEACEAE",0,1,0,1,0,0,0,1,0,2,"h","i","w","Leucadendron laureolum (Lam.) Fourc.","Leucadendron","laureolum",""
"Leucadendron microcephalum","PROTEACEAE",0,1,0,1,0,0,0,1,0,2,"h","i","p","Leucadendron microcephalum (Gand.) Gand. & Schinz","Leucadendron","microcephalum",""
"Leucadendron nitidum","PROTEACEAE",0,1,0,1,0,0,0,1,0,2,"h","i","w","Leucadendron nitidum H.Buek ex Meisn.","Leucadendron","nitidum",""
"Leucadendron nobile","PROTEACEAE",0,1,0,1,0,0,0,1,0,2,"h","i","w","Leucadendron nobile I.Williams","Leucadendron","nobile",""
"Leucadendron olens","PROTEACEAE",0,1,0,0,0,0,1,0,0,2,"h","w","p","Leucadendron olens I.Williams","Leucadendron","olens",""
"Leucadendron pubescens","PROTEACEAE",0,1,0,0,0,0,0,1,0,2,"h","i","p","Leucadendron pubescens R.Br.","Leucadendron","pubescens",""
"Leucadendron pubibracteolatum","PROTEACEAE",0,1,0,0,0,0,1,0,0,2,"h","i","p","Leucadendron pubibracteolatum I.Williams","Leucadendron","pubibracteolatum",""
"Leucadendron rourkei","PROTEACEAE",0,1,0,1,0,0,0,1,1,2,"h","i","w","Leucadendron rourkei I.Williams","Leucadendron","rourkei",""
"Leucadendron rubrum","PROTEACEAE",0,1,0,1,0,0,0,1,0,2,"h","w","w","Leucadendron rubrum Burm.f.","Leucadendron","rubrum",""
"Leucadendron salignum","PROTEACEAE",0,1,1,1,0,0,0,1,0,3,"h","i","w","Leucadendron salignum P.J.Bergius","Leucadendron","salignum",""
"Leucadendron sorocephalodes","PROTEACEAE",0,1,0,0,0,1,0,0,0,2,"h","i","p","Leucadendron sorocephalodes E.Phillips & Hutch.","Leucadendron","sorocephalodes",""
"Leucadendron tinctum","PROTEACEAE",0,1,0,0,0,0,1,0,0,2,"h","i","p","Leucadendron tinctum I.Williams","Leucadendron","tinctum",""
"Leucadendron uliginosum","PROTEACEAE",0,1,0,1,0,0,0,1,0,2,"h","i","w","Leucadendron uliginosum R.Br. subsp. glabratum I.Williams","Leucadendron","uliginosum","glabratum"
"Leucadendron uliginosum","PROTEACEAE",0,1,0,1,0,0,0,1,0,2,"h","i","w","Leucadendron uliginosum R.Br. subsp. uliginosum","Leucadendron","uliginosum","uliginosum"
"Leucadendron xanthoconus","PROTEACEAE",0,1,0,1,0,0,0,1,0,2,"h","w","w","Leucadendron xanthoconus (Kuntze) K.Schum.","Leucadendron","xanthoconus",""
"Leucospermum calligerum","PROTEACEAE",1,0,0,0,0,0,0,1,0,2,"h","m","i","Leucospermum calligerum (Salisb. ex Knight) Rourke","Leucospermum","calligerum",""
"Leucospermum cuneiforme","PROTEACEAE",1,0,1,0,0,0,0,1,0,3,"h","m","i","Leucospermum cuneiforme (Burm.f.) Rourke","Leucospermum","cuneiforme",""
"Leucospermum erubescens","PROTEACEAE",1,0,0,0,0,0,0,1,0,2,"h","m","i","Leucospermum erubescens Rourke","Leucospermum","erubescens",""
"Leucospermum mundii","PROTEACEAE",1,0,0,0,0,1,0,0,0,2,"h","m","i","Leucospermum mundii Meisn.","Leucospermum","mundii",""
"Leucospermum winteri","PROTEACEAE",1,0,0,0,0,0,1,0,0,2,"h","m","i","Leucospermum winteri Rourke","Leucospermum","winteri",""
"Leucospermum wittebergense","PROTEACEAE",1,0,0,0,0,0,0,1,0,2,"h","m","i","Leucospermum wittebergense Compton","Leucospermum","wittebergense",""
"Leysera gnaphalodes","ASTERACEAE",1,0,0,0,0,1,0,0,0,1,"m","i","w","Leysera gnaphalodes (L.) L.","Leysera","gnaphalodes",""
"Lobelia coronopifolia","CAMPANULACEAE",1,0,0,0,0,1,0,0,0,1,"l","i","p","Lobelia coronopifolia L.","Lobelia","coronopifolia",""
"Lobelia linearis","CAMPANULACEAE",1,0,0,0,0,1,0,0,0,2,"m","i","p","Lobelia linearis Thunb.","Lobelia","linearis",""
"Lobelia neglecta","CAMPANULACEAE",1,0,0,0,0,1,0,0,0,1,"l","i","p","Lobelia neglecta Roem. & Schult.","Lobelia","neglecta",""
"Lobelia pinifolia","CAMPANULACEAE",1,0,0,0,0,1,0,0,0,2,"m","i","p","Lobelia pinifolia L.","Lobelia","pinifolia",""
"Lobelia tomentosa","CAMPANULACEAE",1,0,0,0,0,1,0,0,0,1,"l","i","p","Lobelia tomentosa L.f.","Lobelia","tomentosa",""
"Lobostemon echioides","BORAGINACEAE",1,0,0,0,0,1,0,0,0,2,"h","i","p","Lobostemon echioides Lehm.","Lobostemon","echioides",""
"Lobostemon fruticosus","BORAGINACEAE",1,0,0,0,0,1,0,0,0,2,"h","i","p","Lobostemon fruticosus (L.) H.Buek","Lobostemon","fruticosus",""
"Lobostemon glaucophyllus","BORAGINACEAE",1,0,0,0,0,1,0,0,0,2,"h","i","p","Lobostemon glaucophyllus (Jacq.) H.Buek","Lobostemon","glaucophyllus",""
"Lobostemon trichotomus","BORAGINACEAE",1,0,0,0,0,1,0,0,0,2,"h","i","p","Lobostemon trichotomus (Thunb.) DC.","Lobostemon","trichotomus",""
"Lycium ferocissimum","SOLANACEAE",1,0,0,0,0,0,0,1,0,3,"m","i","m","Lycium ferocissimum Miers","Lycium","ferocissimum",""
"Macrostylis tenuis","RUTACEAE",1,0,1,0,0,1,0,0,0,2,"h","i","p","Macrostylis tenuis E.Mey. ex Sond.","Macrostylis","tenuis",""
"Mastersiella digitata","RESTIONACEAE",0,1,0,0,1,0,0,0,0,2,"h","w","i","Mastersiella digitata (Thunb.) Gilg-Ben.","Mastersiella","digitata",""
"Mastersiella purpurea","RESTIONACEAE",0,1,0,0,1,0,0,0,0,2,"h","w","i","Mastersiella purpurea (Pillans) H.P.Linder","Mastersiella","purpurea",""
"Maytenus acuminata","CELASTRACEAE",1,0,0,0,0,0,0,0,1,3,"m","i","m","Maytenus acuminata (L.f.) Loes. var. uva-ursi Brenan","Maytenus","acuminata",""
"Maytenus acuminata","CELASTRACEAE",1,0,0,0,0,0,0,0,1,3,"m","i","m","Maytenus acuminata (L.f.) Loes. var. acuminata","Maytenus","acuminata",""
"Maytenus oleoides","CELASTRACEAE",1,0,1,0,0,0,0,0,1,3,"h","i","m","Maytenus oleoides (Lam.) Loes.","Maytenus","oleoides",""
"Melica racemosa","POACEAE",1,0,1,0,1,0,0,0,0,2,"h","w","i","Melica racemosa Thunb.","Melica","racemosa",""
"Merxmuellera arundinacea","POACEAE",1,0,1,0,1,0,0,0,0,3,"h","w","w","Merxmuellera arundinacea (P.J.Bergius) Conert","Merxmuellera","arundinacea",""
"Merxmuellera decora","POACEAE",1,0,1,0,1,0,0,0,0,2,"l","w","w","Merxmuellera decora (Nees) Conert","Merxmuellera","decora",""
"Merxmuellera rufa","POACEAE",1,0,1,0,1,0,0,0,0,2,"l","w","w","Merxmuellera rufa (Nees) Conert","Merxmuellera","rufa",""
"Merxmuellera stricta","POACEAE",1,0,1,0,1,0,0,0,0,2,"h","w","w","Merxmuellera stricta (Schrad.) Conert","Merxmuellera","stricta",""
"Metalasia cephalotes","ASTERACEAE",1,0,0,0,0,1,0,0,0,2,"h","i","w","Metalasia cephalotes (Thunb.) Less.","Metalasia","cephalotes",""
"Metalasia densa","ASTERACEAE",1,0,0,0,0,0,0,1,0,2,"h","i","w","Metalasia densa (Lam.) P.O.Karis","Metalasia","densa",""
"Metalasia fastigiata","ASTERACEAE",1,0,0,0,0,0,1,0,0,2,"h","i","w","Metalasia fastigiata (Thunb.) D.Don","Metalasia","fastigiata",""
"Metalasia lichtensteinii","ASTERACEAE",1,0,1,0,0,0,1,0,0,2,"h","i","w","Metalasia lichtensteinii Less.","Metalasia","lichtensteinii",""
"Metalasia massonii","ASTERACEAE",1,0,0,0,0,0,0,1,0,2,"h","i","w","Metalasia massonii S.Moore","Metalasia","massonii",""
"Metalasia muricata","ASTERACEAE",1,0,0,0,0,0,0,1,0,2,"h","i","w","Metalasia muricata (L.) D.Don","Metalasia","muricata",""
"Metalasia pungens","ASTERACEAE",1,0,0,0,0,0,0,1,0,2,"h","i","w","Metalasia pungens D.Don","Metalasia","pungens",""
"Metrosideros angustifolia","MYRTACEAE",1,0,1,0,0,0,0,0,1,3,"h","i","p","Metrosideros angustifolia (L.) Sm.","Metrosideros","angustifolia",""
"Microdon dubius","SCROPHULARIACEAE",1,0,0,0,0,1,0,0,0,0,"m","i","p","Microdon dubius (L.) Hilliard","Microdon","dubius",""
"Mimetes cucullatus","PROTEACEAE",1,0,1,0,0,0,1,0,0,3,"h","m","i","Mimetes cucullatus (L.) R.Br.","Mimetes","cucullatus",""
"Mimetes fimbriifolius","PROTEACEAE",1,0,1,0,0,0,0,0,1,3,"h","m","i","Mimetes fimbriifolius Salisb. ex Knight","Mimetes","fimbriifolius",""
"Mimetes splendidus","PROTEACEAE",1,0,1,0,0,0,0,1,0,2,"h","m","i","Mimetes splendidus Salisb. ex Knight","Mimetes","splendidus",""
"Montinia caryophyllacea","MONTINIACEAE",0,1,1,0,0,0,1,0,0,3,"h","i","w","Montinia caryophyllacea Thunb.","Montinia","caryophyllacea",""
"Morella kraussiana","MYRICACEAE",0,1,1,0,0,1,0,0,0,3,"h","i","p","Morella kraussiana (Buchinger ex Meisn.) Killick","Morella","kraussiana",""
"Morella quercifolia","MYRICACEAE",0,1,1,0,0,1,0,0,0,3,"h","i","p","Morella quercifolia (L.) Killick","Morella","quercifolia",""
"Morella serrata","MYRICACEAE",0,1,1,0,0,0,0,1,1,3,"h","i","p","Morella serrata (Lam.) Killick","Morella","serrata",""
"Muraltia ciliaris","POLYGALACEAE",1,0,0,0,0,1,0,0,0,2,"h","i","i","Muraltia ciliaris DC.","Muraltia","ciliaris",""
"Muraltia heisteria","POLYGALACEAE",1,0,0,0,0,1,0,0,0,2,"h","i","i","Muraltia heisteria (L.) DC.","Muraltia","heisteria",""
"Muraltia juniperifolia","POLYGALACEAE",1,0,1,0,0,1,0,0,0,2,"h","i","i","Muraltia juniperifolia (Poir.) DC.","Muraltia","juniperifolia",""
"Muraltia rhamnoides","POLYGALACEAE",1,0,0,0,0,1,0,0,0,2,"h","i","i","Muraltia rhamnoides Chodat","Muraltia","rhamnoides",""
"Muraltia squarrosa","POLYGALACEAE",1,0,0,0,0,1,0,0,0,2,"h","i","i","Muraltia squarrosa (L.f.) DC.","Muraltia","squarrosa",""
"Myrsine africana","MYRSINACEAE",0,1,1,0,0,0,0,1,0,3,"h","i","m","Myrsine africana L.","Myrsine","africana",""
"Nebelia fragarioides","BRUNIACEAE",1,0,1,0,0,0,1,0,0,3,"h","i","w","Nebelia fragarioides (Willd.) Kuntze","Nebelia","fragarioides",""
"Nevillea obtusissima","RESTIONACEAE",0,1,1,0,1,0,0,0,0,3,"h","i","w","Nevillea obtusissima (Steud.) H.P.Linder","Nevillea","obtusissima",""
"Nivenia levynsiae","IRIDACEAE",1,0,1,0,0,1,0,0,0,3,"h","i","w","Nivenia levynsiae Weim.","Nivenia","levynsiae",""
"Nivenia stokoei","IRIDACEAE",1,0,1,0,0,1,0,0,0,3,"h","i","w","Nivenia stokoei (L.Guthrie) N.E.Br.","Nivenia","stokoei",""
"Nylandtia spinosa","POLYGALACEAE",1,0,0,0,0,1,0,0,0,2,"h","i","i","Nylandtia spinosa (L.) Dumort.","Nylandtia","spinosa",""
"Ocotea bullata","LAURACEAE",1,0,0,0,0,0,0,0,1,3,"h","i","m","Ocotea bullata (Burch.) Baill.","Ocotea","bullata",""
"Oedera imbricata","ASTERACEAE",1,0,0,0,0,1,0,0,0,2,"m","i","w","Oedera imbricata Lam.","Oedera","imbricata",""
"Oedera sedifolia","ASTERACEAE",1,0,1,0,0,1,0,0,0,2,"m","i","w","Oedera sedifolia (DC.) Anderb. & K.Bremer","Oedera","sedifolia",""
"Oedera squarrosa","ASTERACEAE",1,0,0,0,0,1,0,0,0,2,"h","i","w","Oedera squarrosa (L.) Anderb. & K.Bremer","Oedera","squarrosa",""
"Oftia africana","SCROPHULARIACEAE",1,0,0,0,0,1,0,0,0,2,"h","i","p","Oftia africana (L.) Bocq.","Oftia","africana",""
"Olea europaea","OLEACEAE",1,0,1,0,0,0,0,0,1,3,"h","i","m","Olea europaea L. subsp. africana (Mill.) P.S.Green","Olea","europaea","africana"
"Olea europaea","OLEACEAE",1,0,1,0,0,0,0,0,1,3,"h","i","m","Olea europaea L. subsp. europaea","Olea","europaea","europaea"
"Olea exasperata","OLEACEAE",1,0,1,0,0,0,0,0,1,3,"h","i","m","Olea exasperata Jacq.","Olea","exasperata",""
"Olinia ventosa","OLINIACEAE",1,0,0,0,0,0,0,0,1,3,"m","i","m","Olinia ventosa (L.) Cufod.","Olinia","ventosa",""
"Oscularia deltoides","AIZOACEAE",1,0,0,0,0,1,0,0,0,2,"l","i","p","Oscularia deltoides (L.) Schwantes","Oscularia","deltoides",""
"Osmitopsis osmitoides","ASTERACEAE",1,0,0,0,0,1,0,0,0,2,"h","i","i","Osmitopsis osmitoides (Less.) K.Bremer","Osmitopsis","osmitoides",""
"Osmitopsis parvifolia","ASTERACEAE",1,0,0,0,0,1,0,0,0,1,"h","i","i","Osmitopsis parvifolia (DC.) Hofmeyr","Osmitopsis","parvifolia",""
"Osteospermum junceum","ASTERACEAE",1,0,1,0,0,0,0,1,0,2,"h","i","i","Osteospermum junceum P.J.Bergius","Osteospermum","junceum",""
"Osteospermum rigidum","ASTERACEAE",1,0,0,0,0,1,0,0,0,2,"h","i","i","Osteospermum rigidum Aiton var. rigidum","Osteospermum","rigidum",""
"Osteospermum rigidum","ASTERACEAE",1,0,0,0,0,1,0,0,0,2,"h","i","i","Osteospermum rigidum Aiton var. elegans (Bolus) Norl.","Osteospermum","rigidum",""
"Osteospermum triquetrum","ASTERACEAE",1,0,1,0,0,1,0,0,0,2,"h","i","i","Osteospermum triquetrum L.f.","Osteospermum","triquetrum",""
"Osyris compressa","SANTALACEAE",1,0,0,0,0,0,0,1,1,2,"h","i","m","Osyris compressa (P.J.Bergius) A.DC.","Osyris","compressa",""
"Otholobium fruticans","FABACEAE",1,0,0,0,0,1,0,0,0,2,"h","i","p","Otholobium fruticans (L.) C.H.Stirt.","Otholobium","fruticans",""
"Othonna quinquedentata","ASTERACEAE",1,0,0,0,0,1,0,0,0,2,"m","i","w","Othonna quinquedentata Thunb.","Othonna","quinquedentata",""
"Pappea capensis","SAPINDACEAE",1,0,1,0,0,0,0,0,1,3,"l","i","m","Pappea capensis Eckl. & Zeyh.","Pappea","capensis",""
"Paranomus bracteolaris","PROTEACEAE",1,0,0,0,0,0,0,1,0,2,"h","i","i","Paranomus bracteolaris Salisb. ex Knight","Paranomus","bracteolaris",""
"Paranomus esterhuyseniae","PROTEACEAE",1,0,0,0,0,1,0,0,0,2,"h","i","i","Paranomus esterhuyseniae Levyns","Paranomus","esterhuyseniae",""
"Paranomus spathulatus","PROTEACEAE",1,0,0,0,0,0,0,1,0,2,"h","i","i","Paranomus spathulatus (Thunb.) Kuntze","Paranomus","spathulatus",""
"Paranomus tomentosus","PROTEACEAE",1,0,0,0,0,0,0,1,0,2,"h","i","i","Paranomus tomentosus (E.Phillips & Hutch.) N.E.Br.","Paranomus","tomentosus",""
"Passerina obtusifolia","THYMELAEACEAE",1,0,0,0,0,0,1,1,0,2,"h","w","p","Passerina obtusifolia Thoday","Passerina","obtusifolia",""
"Pelargonium alternans","GERANIACEAE",1,0,0,0,0,1,0,0,0,2,"m","i","w","Pelargonium alternans J.C.Wendl.","Pelargonium","alternans",""
"Pelargonium betulinum","GERANIACEAE",1,0,0,0,0,1,0,0,0,2,"h","i","w","Pelargonium betulinum (L.) L'Hér.","Pelargonium","betulinum",""
"Pelargonium capitatum","GERANIACEAE",1,0,0,0,0,1,0,0,0,2,"m","i","w","Pelargonium capitatum (L.) L'Hér.","Pelargonium","capitatum",""
"Pelargonium cordifolium","GERANIACEAE",1,0,0,0,0,1,0,0,0,2,"m","i","w","Pelargonium cordifolium (Cav.) Curtis","Pelargonium","cordifolium",""
"Pelargonium fruticosum","GERANIACEAE",1,0,0,0,0,1,0,0,0,2,"h","i","w","Pelargonium fruticosum (Cav.) Willd.","Pelargonium","fruticosum",""
"Pelargonium laevigatum","GERANIACEAE",1,0,0,0,0,1,0,0,0,2,"m","i","w","Pelargonium laevigatum (L.f.) Willd. subsp. laevigatum","Pelargonium","laevigatum","laevigatum"
"Pelargonium laevigatum","GERANIACEAE",1,0,0,0,0,1,0,0,0,2,"m","i","w","Pelargonium laevigatum (L.f.) Willd. subsp. oxyphyllum (DC.) Schonken","Pelargonium","laevigatum","oxyphyllum"
"Pelargonium laevigatum","GERANIACEAE",1,0,0,0,0,1,0,0,0,2,"m","i","w","Pelargonium laevigatum (L.f.) Willd. subsp. diversifolium (J.C.Wendl.) Schonken","Pelargonium","laevigatum","diversifolium"
"Pelargonium myrrhifolium","GERANIACEAE",1,0,1,0,0,1,0,0,0,2,"l","i","w","Pelargonium myrrhifolium (L.) L'Hér. var. coriandrifolium (L.) Harv.","Pelargonium","myrrhifolium",""
"Pelargonium myrrhifolium","GERANIACEAE",1,0,1,0,0,1,0,0,0,2,"l","i","w","Pelargonium myrrhifolium (L.) L'Hér. var. myrrhifolium","Pelargonium","myrrhifolium",""
"Pelargonium scabrum","GERANIACEAE",1,0,0,0,0,0,1,0,0,2,"h","i","w","Pelargonium scabrum (Burm.f.) L'Hér.","Pelargonium","scabrum",""
"Penaea cneorum","PENAEACEAE",1,0,1,0,0,0,1,0,0,3,"h","i","i","Penaea cneorum Meerb. subsp. ovata (Eckl. & Zeyh. ex A.DC.) R.Dahlgren","Penaea","cneorum","ovata"
"Penaea cneorum","PENAEACEAE",1,0,1,0,0,0,1,0,0,3,"h","i","i","Penaea cneorum Meerb. subsp. gigantea R.Dahlgren","Penaea","cneorum","gigantea"
"Penaea cneorum","PENAEACEAE",1,0,1,0,0,0,1,0,0,3,"h","i","i","Penaea cneorum Meerb. subsp. lanceolata R.Dahlgren","Penaea","cneorum","lanceolata"
"Penaea cneorum","PENAEACEAE",1,0,1,0,0,0,1,0,0,3,"h","i","i","Penaea cneorum Meerb. subsp. cneorum","Penaea","cneorum","cneorum"
"Penaea cneorum","PENAEACEAE",1,0,1,0,0,0,1,0,0,3,"h","i","i","Penaea cneorum Meerb. subsp. ruscifolia R.Dahlgren","Penaea","cneorum","ruscifolia"
"Penaea mucronata","PENAEACEAE",1,0,1,0,0,0,1,0,0,3,"h","i","i","Penaea mucronata L.","Penaea","mucronata",""
"Pentameris distichophylla","POACEAE",1,0,1,0,1,0,0,0,0,2,"h","w","w","Pentameris distichophylla (Lehm.) Nees","Pentameris","distichophylla",""
"Pentameris macrocalycina","POACEAE",1,0,1,0,1,0,0,0,0,3,"h","w","w","Pentameris macrocalycina (Steud.) Schweick.","Pentameris","macrocalycina",""
"Pentameris thuarii","POACEAE",1,0,1,0,1,0,0,0,0,2,"h","w","w","Pentameris thuarii P.Beauv.","Pentameris","thuarii",""
"Pentaschistis ampla","POACEAE",1,0,0,0,1,0,0,0,0,2,"m","w","w","Pentaschistis ampla (Nees) McClean","Pentaschistis","ampla",""
"Pentaschistis colorata","POACEAE",1,0,1,0,1,0,0,0,0,2,"h","w","w","Pentaschistis colorata (Steud.) Stapf","Pentaschistis","colorata",""
"Pentaschistis curvifolia","POACEAE",1,0,0,0,1,0,0,0,0,2,"h","w","w","Pentaschistis curvifolia (Schrad.) Stapf","Pentaschistis","curvifolia",""
"Pentaschistis eriostoma","POACEAE",1,0,1,0,1,0,0,0,0,2,"h","w","w","Pentaschistis eriostoma (Nees) Stapf","Pentaschistis","eriostoma",""
"Pentaschistis malouinensis","POACEAE",1,0,0,0,1,0,0,0,0,2,"m","w","w","Pentaschistis malouinensis (Steud.) Clayton","Pentaschistis","malouinensis",""
"Pentaschistis pallida","POACEAE",1,0,0,0,1,0,0,0,0,2,"h","w","w","Pentaschistis pallida (Thunb.) H.P.Linder","Pentaschistis","pallida",""
"Pentaschistis viscidula","POACEAE",1,0,1,0,1,0,0,0,0,2,"h","w","w","Pentaschistis viscidula (Nees) Stapf","Pentaschistis","viscidula",""
"Phaenocoma prolifera","ASTERACEAE",1,0,0,0,0,1,0,0,0,2,"h","i","w","Phaenocoma prolifera (L.) D.Don","Phaenocoma","prolifera",""
"Pharnaceum incanum","MOLLUGINACEAE",1,0,0,0,0,1,0,0,0,2,"l","i","p","Pharnaceum incanum L.","Pharnaceum","incanum",""
"Phragmites australis","POACEAE",1,0,1,0,1,0,0,0,0,3,"h","w","w","Phragmites australis (Cav.) Steud.","Phragmites","australis",""
"Phylica axillaris","RHAMNACEAE",1,0,0,0,0,1,0,0,0,2,"h","i","i","Phylica axillaris Lam. var. hirsuta Sond.","Phylica","axillaris",""
"Phylica axillaris","RHAMNACEAE",1,0,0,0,0,1,0,0,0,2,"h","i","i","Phylica axillaris Lam. var. maritima Pillans","Phylica","axillaris",""
"Phylica axillaris","RHAMNACEAE",1,0,0,0,0,1,0,0,0,2,"h","i","i","Phylica axillaris Lam. var. axillaris","Phylica","axillaris",""
"Phylica axillaris","RHAMNACEAE",1,0,0,0,0,1,0,0,0,2,"h","i","i","Phylica axillaris Lam. var. microphylla (Eckl. & Zeyh.) Pillans","Phylica","axillaris",""
"Phylica axillaris","RHAMNACEAE",1,0,0,0,0,1,0,0,0,2,"h","i","i","Phylica axillaris Lam. var. gracilis Pillans","Phylica","axillaris",""
"Phylica axillaris","RHAMNACEAE",1,0,0,0,0,1,0,0,0,2,"h","i","i","Phylica axillaris Lam. var. cooperi Pillans","Phylica","axillaris",""
"Phylica axillaris","RHAMNACEAE",1,0,0,0,0,1,0,0,0,2,"h","i","i","Phylica axillaris Lam. var. pulchra Pillans","Phylica","axillaris",""
"Phylica axillaris","RHAMNACEAE",1,0,0,0,0,1,0,0,0,2,"h","i","i","Phylica axillaris Lam. var. densifolia Pillans","Phylica","axillaris",""
"Phylica axillaris","RHAMNACEAE",1,0,0,0,0,1,0,0,0,2,"h","i","i","Phylica axillaris Lam. var. lutescens (Eckl. & Zeyh.) Pillans","Phylica","axillaris",""
"Phylica imberbis","RHAMNACEAE",1,0,1,0,0,1,0,0,0,3,"h","i","i","Phylica imberbis P.J.Bergius var. secunda Sond.","Phylica","imberbis",""
"Phylica imberbis","RHAMNACEAE",1,0,1,0,0,1,0,0,0,3,"h","i","i","Phylica imberbis P.J.Bergius var. imberbis","Phylica","imberbis",""
"Phylica imberbis","RHAMNACEAE",1,0,1,0,0,1,0,0,0,3,"h","i","i","Phylica imberbis P.J.Bergius var. eriophoros (P.J.Bergius) Pillans","Phylica","imberbis",""
"Phylica lachneaeoides","RHAMNACEAE",1,0,0,0,0,1,0,0,0,2,"h","i","i","Phylica lachneaeoides Pillans","Phylica","lachneaeoides",""
"Phylica leipoldtii","RHAMNACEAE",1,0,1,0,0,1,0,0,0,2,"h","i","i","Phylica leipoldtii Pillans","Phylica","leipoldtii",""
"Phylica parviflora","RHAMNACEAE",1,0,0,0,0,1,0,0,0,2,"h","i","i","Phylica parviflora P.J.Bergius","Phylica","parviflora",""
"Phylica pinea","RHAMNACEAE",1,0,0,0,0,1,0,0,0,2,"h","i","i","Phylica pinea Thunb.","Phylica","pinea",""
"Phylica rigidifolia","RHAMNACEAE",1,0,0,0,0,1,0,0,0,2,"h","i","i","Phylica rigidifolia Sond.","Phylica","rigidifolia",""
"Platycaulos anceps","RESTIONACEAE",0,1,1,0,1,0,0,0,0,2,"h","w","p","Platycaulos anceps (Mast.) H.P.Linder","Platycaulos","anceps",""
"Platycaulos compressus","RESTIONACEAE",0,1,1,0,1,0,0,0,0,2,"h","w","p","Platycaulos compressus (Rottb.) H.P.Linder","Platycaulos","compressus",""
"Platylophus trifoliatus","CUNONIACEAE",1,0,1,0,0,0,0,0,1,3,"l","i","m","Platylophus trifoliatus (L.f.) D.Don","Platylophus","trifoliatus",""
"Podalyria burchellii","FABACEAE",1,0,1,0,0,1,1,0,0,2,"h","i","p","Podalyria burchellii DC.","Podalyria","burchellii",""
"Podalyria calyptrata","FABACEAE",1,0,0,0,0,0,0,0,1,2,"h","i","i","Podalyria calyptrata (Retz.) Willd.","Podalyria","calyptrata",""
"Podocarpus elongatus","PODOCARPACEAE",0,1,1,0,0,0,0,0,1,3,"m","w","m","Podocarpus elongatus (Aiton) L'Hér. ex Pers.","Podocarpus","elongatus",""
"Podocarpus latifolius","PODOCARPACEAE",0,1,0,0,0,0,0,0,1,3,"m","w","m","Podocarpus latifolius (Thunb.) R.Br. ex Mirb.","Podocarpus","latifolius",""
"Pollichia campestris","CARYOPHYLLACEAE",1,0,0,0,0,1,0,0,0,2,"l","i","p","Pollichia campestris Aiton","Pollichia","campestris",""
"Polygala fruticosa","POLYGALACEAE",1,0,1,0,0,0,0,1,0,2,"h","i","i","Polygala fruticosa P.J.Bergius","Polygala","fruticosa",""
"Portulacaria afra","PORTULACACEAE",1,0,1,0,0,0,0,1,1,3,"l","i","w","Portulacaria afra Jacq.","Portulacaria","afra",""
"Printzia polifolia","ASTERACEAE",1,0,1,0,0,0,0,1,0,2,"h","i","w","Printzia polifolia (L.) Hutch.","Printzia","polifolia",""
"Prionium serratum","PRIONIACEAE",1,0,1,0,0,0,0,1,0,3,"h","w","w","Prionium serratum (L.f.) Drège ex E.Mey.","Prionium","serratum",""
"Prismatocarpus fruticosus","CAMPANULACEAE",1,0,0,0,0,1,0,0,0,1,"m","i","p","Prismatocarpus fruticosus L'Hér.","Prismatocarpus","fruticosus",""
"Protea acaulos","PROTEACEAE",1,0,1,1,0,1,0,0,0,3,"h","m","w","Protea acaulos (L.) Reichard","Protea","acaulos",""
"Protea acuminata","PROTEACEAE",1,0,0,1,0,0,0,1,0,2,"h","m","w","Protea acuminata Sims","Protea","acuminata",""
"Protea aspera","PROTEACEAE",1,0,1,1,0,1,0,0,0,3,"h","m","w","Protea aspera E.Phillips","Protea","aspera",""
"Protea aurea","PROTEACEAE",1,0,0,1,0,0,0,0,1,2,"h","m","w","Protea aurea (Burm.f.) Rourke subsp. potbergensis Rourke","Protea","aurea","potbergensis"
"Protea aurea","PROTEACEAE",1,0,0,1,0,0,0,0,1,2,"h","m","w","Protea aurea (Burm.f.) Rourke subsp. aurea","Protea","aurea","aurea"
"Protea cordata","PROTEACEAE",1,0,1,1,0,1,0,0,0,3,"h","m","w","Protea cordata Thunb.","Protea","cordata",""
"Protea cynaroides","PROTEACEAE",1,0,1,1,0,0,0,1,0,3,"h","m","w","Protea cynaroides (L.) L.","Protea","cynaroides",""
"Protea eximia","PROTEACEAE",1,0,0,1,0,0,0,1,0,2,"h","m","w","Protea eximia (Salisb. ex Knight) Fourc.","Protea","eximia",""
"Protea glabra","PROTEACEAE",1,0,1,1,0,0,0,1,1,3,"h","m","w","Protea glabra Thunb.","Protea","glabra",""
"Protea grandiceps","PROTEACEAE",1,0,0,1,0,0,0,1,0,2,"h","m","w","Protea grandiceps Tratt.","Protea","grandiceps",""
"Protea intonsa","PROTEACEAE",1,0,1,1,0,1,0,0,0,3,"h","m","w","Protea intonsa Rourke","Protea","intonsa",""
"Protea laevis","PROTEACEAE",1,0,0,1,0,1,0,0,0,2,"h","m","w","Protea laevis R.Br.","Protea","laevis",""
"Protea laurifolia","PROTEACEAE",1,0,0,1,0,0,0,0,1,2,"h","m","w","Protea laurifolia Thunb.","Protea","laurifolia",""
"Protea lepidocarpodendron","PROTEACEAE",1,0,0,1,0,0,0,0,1,2,"h","m","w","Protea lepidocarpodendron (L.) L.","Protea","lepidocarpodendron",""
"Protea lorea","PROTEACEAE",1,0,1,1,0,1,0,0,0,2,"h","m","w","Protea lorea R.Br.","Protea","lorea",""
"Protea lorifolia","PROTEACEAE",1,0,0,1,0,0,0,1,1,2,"h","m","w","Protea lorifolia (Salisb. ex Knight) Fourc.","Protea","lorifolia",""
"Protea mundii","PROTEACEAE",1,0,0,1,0,0,0,0,1,2,"h","m","w","Protea mundii Klotzsch","Protea","mundii",""
"Protea neriifolia","PROTEACEAE",1,0,0,1,0,0,0,0,1,2,"h","m","w","Protea neriifolia R.Br.","Protea","neriifolia",""
"Protea nitida","PROTEACEAE",1,0,1,1,0,0,0,0,1,3,"h","m","w","Protea nitida Mill.","Protea","nitida",""
"Protea piscina","PROTEACEAE",1,0,1,1,0,1,0,0,0,3,"h","m","w","Protea piscina Rourke","Protea","piscina",""
"Protea punctata","PROTEACEAE",1,0,0,1,0,1,0,0,0,2,"h","m","w","Protea punctata Meisn.","Protea","punctata",""
"Protea repens","PROTEACEAE",1,0,0,1,0,0,0,1,1,2,"h","m","w","Protea repens (L.) L.","Protea","repens",""
"Protea scabra","PROTEACEAE",1,0,1,1,0,1,0,0,0,3,"h","m","w","Protea scabra R.Br.","Protea","scabra",""
"Protea scolopendriifolia","PROTEACEAE",1,0,1,1,0,1,0,0,0,3,"h","m","w","Protea scolopendriifolia (Salisb. ex Knight) Rourke","Protea","scolopendriifolia",""
"Protea speciosa","PROTEACEAE",1,0,1,1,0,0,1,0,0,3,"h","m","w","Protea speciosa (L.) L.","Protea","speciosa",""
"Protea tenax","PROTEACEAE",1,0,1,1,0,1,0,0,0,3,"h","m","w","Protea tenax (Salisb.) R.Br.","Protea","tenax",""
"Pseudopentameris brachyphylla","POACEAE",1,0,1,0,1,0,0,0,0,2,"h","w","w","Pseudopentameris brachyphylla (Stapf) Conert","Pseudopentameris","brachyphylla",""
"Pseudopentameris macrantha","POACEAE",1,0,1,0,1,0,0,0,0,2,"h","w","w","Pseudopentameris macrantha (Schrad.) Conert","Pseudopentameris","macrantha",""
"Psoralea monophylla","FABACEAE",1,0,1,0,0,1,0,0,0,2,"l","i","p","Psoralea monophylla (L.) C.H.Stirt.","Psoralea","monophylla",""
"Psoralea pinnata","FABACEAE",1,0,0,0,0,0,0,1,1,2,"h","i","p","Psoralea pinnata L. var. pinnata","Psoralea","pinnata",""
"Pterocelastrus rostratus","CELASTRACEAE",1,0,1,0,0,0,0,0,1,3,"m","i","m","Pterocelastrus rostratus (Thunb.) Walp.","Pterocelastrus","rostratus",""
"Pterocelastrus tricuspidatus","CELASTRACEAE",1,0,1,0,0,0,0,0,1,3,"h","i","m","Pterocelastrus tricuspidatus (Lam.) Walp.","Pterocelastrus","tricuspidatus",""
"Pteronia camphorata","ASTERACEAE",1,0,0,0,0,1,0,0,0,2,"h","i","w","Pteronia camphorata (L.) L. var. camphorata","Pteronia","camphorata",""
"Pteronia camphorata","ASTERACEAE",1,0,0,0,0,1,0,0,0,2,"h","i","w","Pteronia camphorata (L.) L. var. armata Harv.","Pteronia","camphorata",""
"Pteronia camphorata","ASTERACEAE",1,0,0,0,0,1,0,0,0,2,"h","i","w","Pteronia camphorata (L.) L. var. laevigata Harv.","Pteronia","camphorata",""
"Pteronia camphorata","ASTERACEAE",1,0,0,0,0,1,0,0,0,2,"h","i","w","Pteronia camphorata (L.) L. var. longifolia Harv.","Pteronia","camphorata",""
"Pteronia incana","ASTERACEAE",1,0,0,0,0,1,0,0,0,2,"h","i","w","Pteronia incana (Burm.) DC.","Pteronia","incana",""
"Pteronia teretifolia","ASTERACEAE",1,0,1,0,0,1,0,0,0,3,"h","i","w","Pteronia teretifolia (Thunb.) Fourc.","Pteronia","teretifolia",""
"Putterlickia pyracantha","CELASTRACEAE",1,0,1,0,0,0,0,1,0,3,"m","i","p","Putterlickia pyracantha (L.) Szyszyl.","Putterlickia","pyracantha",""
"Rafnia diffusa","FABACEAE",1,0,1,0,0,1,0,0,0,3,"h","i","p","Rafnia diffusa Thunb.","Rafnia","diffusa",""
"Rapanea melanophloeos","MYRSINACEAE",0,1,1,0,0,0,0,0,1,3,"m","i","m","Rapanea melanophloeos (L.) Mez","Rapanea","melanophloeos",""
"Relhania calycina","ASTERACEAE",1,0,0,0,0,1,0,0,0,2,"h","i","w","Relhania calycina (L.f.) L'Hér. subsp. calycina","Relhania","calycina","calycina"
"Relhania calycina","ASTERACEAE",1,0,0,0,0,1,0,0,0,2,"h","i","w","Relhania calycina (L.f.) L'Hér. subsp. apiculata (DC.) K.Bremer","Relhania","calycina","apiculata"
"Relhania calycina","ASTERACEAE",1,0,0,0,0,1,0,0,0,2,"h","i","w","Relhania calycina (L.f.) L'Hér. subsp. lanceolata K.Bremer","Relhania","calycina","lanceolata"
"Restio bifarius","RESTIONACEAE",0,1,0,0,1,0,0,0,0,2,"h","w","p","Restio bifarius Mast.","Restio","bifarius",""
"Restio bifidus","RESTIONACEAE",0,1,0,0,1,0,0,0,0,2,"h","w","p","Restio bifidus Thunb.","Restio","bifidus",""
"Restio debilis","RESTIONACEAE",0,1,0,0,1,0,0,0,0,2,"h","w","p","Restio debilis Nees","Restio","debilis",""
"Restio dispar","RESTIONACEAE",0,1,1,0,1,0,0,0,0,2,"h","w","p","Restio dispar Mast.","Restio","dispar",""
"Restio egregius","RESTIONACEAE",0,1,1,0,1,0,0,0,0,2,"h","w","p","Restio egregius Hochst.","Restio","egregius",""
"Restio filiformis","RESTIONACEAE",0,1,0,0,1,0,0,0,0,2,"h","w","p","Restio filiformis Poir.","Restio","filiformis",""
"Restio fragilis","RESTIONACEAE",0,1,1,0,1,0,0,0,0,2,"h","w","p","Restio fragilis Esterh.","Restio","fragilis",""
"Restio inconspicuus","RESTIONACEAE",0,1,1,0,1,0,0,0,0,2,"h","w","p","Restio inconspicuus Esterh.","Restio","inconspicuus",""
"Restio occultus","RESTIONACEAE",0,1,0,0,1,0,0,0,0,2,"h","w","p","Restio occultus (Mast.) Pillans","Restio","occultus",""
"Restio perplexus","RESTIONACEAE",0,1,1,0,1,0,0,0,0,2,"h","w","p","Restio perplexus Kunth","Restio","perplexus",""
"Restio purpurascens","RESTIONACEAE",0,1,0,0,1,0,0,0,0,2,"h","w","p","Restio purpurascens Mast.","Restio","purpurascens",""
"Restio similis","RESTIONACEAE",0,1,0,0,1,0,0,0,0,2,"h","w","p","Restio similis Pillans","Restio","similis",""
"Restio stokoei","RESTIONACEAE",0,1,0,0,1,0,0,0,0,2,"h","w","p","Restio stokoei Pillans","Restio","stokoei",""
"Restio triticeus","RESTIONACEAE",0,1,1,0,1,0,0,0,0,2,"h","w","p","Restio triticeus Rottb.","Restio","triticeus",""
"Restio versatilis","RESTIONACEAE",0,1,0,0,1,0,0,0,0,2,"h","w","p","Restio versatilis H.P.Linder","Restio","versatilis",""
"Rhodocoma capensis","RESTIONACEAE",0,1,1,0,1,0,0,0,0,2,"h","i","p","Rhodocoma capensis Steud.","Rhodocoma","capensis",""
"Rhodocoma fruticosa","RESTIONACEAE",0,1,1,0,1,0,0,0,0,2,"h","i","p","Rhodocoma fruticosa (Thunb.) H.P.Linder","Rhodocoma","fruticosa",""
"Saltera sarcocolla","PENAEACEAE",1,0,1,0,0,0,1,0,0,3,"h","i","p","Saltera sarcocolla (L.) Bullock","Saltera","sarcocolla",""
"Salvia africana-lutea","LAMIACEAE",1,0,1,0,0,0,0,1,0,3,"h","i","p","Salvia africana-lutea L.","Salvia","africana-lutea",""
"Schoenoxiphium lanceum","CYPERACEAE",1,0,0,0,1,0,0,0,0,2,"l","w","p","Schoenoxiphium lanceum (Thunb.) Kük.","Schoenoxiphium","lanceum",""
"Secamone alpini","APOCYNACEAE",1,0,0,0,0,0,0,1,0,3,"l","i","w","Secamone alpini Schult.","Secamone","alpini",""
"Selago corymbosa","SCROPHULARIACEAE",1,0,0,0,0,1,0,0,0,1,"m","i","p","Selago corymbosa L.","Selago","corymbosa",""
"Selago glomerata","SCROPHULARIACEAE",1,0,0,0,0,1,0,0,0,1,"m","i","p","Selago glomerata Thunb.","Selago","glomerata",""
"Senecio burchellii","ASTERACEAE",1,0,0,0,0,1,0,0,0,1,"l","i","w","Senecio burchellii DC.","Senecio","burchellii",""
"Senecio ilicifolius","ASTERACEAE",1,0,0,0,0,1,0,0,0,1,"m","i","w","Senecio ilicifolius L.","Senecio","ilicifolius",""
"Senecio pinifolius","ASTERACEAE",1,0,1,0,0,1,0,0,0,2,"h","i","w","Senecio pinifolius (L.) Lam.","Senecio","pinifolius",""
"Senecio pubigerus","ASTERACEAE",1,0,0,0,0,1,0,0,0,1,"h","i","w","Senecio pubigerus L.","Senecio","pubigerus",""
"Serruria adscendens","PROTEACEAE",1,0,0,0,0,1,0,0,0,2,"h","i","i","Serruria adscendens (Lam.) R.Br.","Serruria","adscendens",""
"Serruria aitonii","PROTEACEAE",1,0,0,0,0,1,0,0,0,2,"h","i","i","Serruria aitonii R.Br.","Serruria","aitonii",""
"Serruria balanocephala","PROTEACEAE",1,0,0,0,0,1,0,0,0,2,"h","i","i","Serruria balanocephala Rourke","Serruria","balanocephala",""
"Serruria effusa","PROTEACEAE",1,0,0,0,0,1,0,0,0,2,"h","i","i","Serruria effusa Rourke","Serruria","effusa",""
"Serruria elongata","PROTEACEAE",1,0,0,0,0,0,1,0,0,2,"h","i","i","Serruria elongata (P.J.Bergius) R.Br.","Serruria","elongata",""
"Serruria fasciflora","PROTEACEAE",1,0,0,0,0,1,0,0,0,1,"h","i","i","Serruria fasciflora Salisb. ex Knight","Serruria","fasciflora",""
"Serruria glomerata","PROTEACEAE",1,0,0,0,0,1,0,0,0,1,"h","i","i","Serruria glomerata (L.) R.Br.","Serruria","glomerata",""
"Serruria leipoldtii","PROTEACEAE",1,0,0,0,0,1,0,0,0,3,"h","i","i","Serruria leipoldtii E.Phillips & Hutch.","Serruria","leipoldtii",""
"Serruria villosa","PROTEACEAE",1,0,0,0,0,1,0,0,0,2,"h","i","i","Serruria villosa (Lam.) R.Br.","Serruria","villosa",""
"Sonderothamnus petraeus","PENAEACEAE",1,0,1,0,0,1,0,0,0,3,"m","i","i","Sonderothamnus petraeus (W.F.Barker) R.Dahlgren","Sonderothamnus","petraeus",""
"Spatalla colorata","PROTEACEAE",1,0,0,0,0,1,0,0,0,2,"h","i","i","Spatalla colorata Meisn.","Spatalla","colorata",""
"Spatalla incurva","PROTEACEAE",1,0,0,0,0,1,0,0,0,2,"h","i","i","Spatalla incurva (Thunb.) R.Br.","Spatalla","incurva",""
"Spatalla nubicola","PROTEACEAE",1,0,0,0,0,0,1,0,0,2,"h","i","i","Spatalla nubicola Rourke","Spatalla","nubicola",""
"Spatalla parilis","PROTEACEAE",1,0,0,0,0,0,1,0,0,2,"h","i","i","Spatalla parilis Salisb. ex Knight","Spatalla","parilis",""
"Sporobolus africanus","POACEAE",1,0,1,0,1,0,0,0,0,2,"h","w","p","Sporobolus africanus (Poir.) Robyns & Tournay","Sporobolus","africanus",""
"Staavia radiata","BRUNIACEAE",1,0,1,0,0,1,0,0,0,3,"h","i","p","Staavia radiata (L.) Dahl","Staavia","radiata",""
"Staberoha cernua","RESTIONACEAE",0,1,0,0,1,0,0,0,0,2,"h","w","w","Staberoha cernua (L.f.) T.Durand & Schinz","Staberoha","cernua",""
"Staberoha distachyos","RESTIONACEAE",0,1,1,0,1,0,0,0,0,2,"h","w","w","Staberoha distachyos (Rottb.) Kunth","Staberoha","distachyos",""
"Stoebe aethiopica","ASTERACEAE",1,0,0,0,0,0,1,0,0,2,"h","i","w","Stoebe aethiopica L.","Stoebe","aethiopica",""
"Stoebe alopecuroides","ASTERACEAE",1,0,0,0,0,1,0,0,0,2,"h","i","w","Stoebe alopecuroides (Lam.) Less.","Stoebe","alopecuroides",""
"Stoebe microphylla","ASTERACEAE",1,0,0,0,0,1,0,0,0,2,"h","i","w","Stoebe microphylla DC.","Stoebe","microphylla",""
"Struthiola argentea","THYMELAEACEAE",1,0,0,0,0,0,0,1,0,2,"h","i","p","Struthiola argentea Lehm.","Struthiola","argentea",""
"Struthiola ciliata","THYMELAEACEAE",1,0,0,0,0,0,1,0,0,2,"h","i","p","Struthiola ciliata (L.) Lam.","Struthiola","ciliata",""
"Struthiola eckloniana","THYMELAEACEAE",1,0,0,0,0,0,0,1,0,2,"h","i","p","Struthiola eckloniana Meisn.","Struthiola","eckloniana",""
"Struthiola leptantha","THYMELAEACEAE",1,0,0,0,0,0,0,1,0,2,"h","i","p","Struthiola leptantha Bolus","Struthiola","leptantha",""
"Struthiola macowanii","THYMELAEACEAE",1,0,0,0,0,0,1,0,0,2,"h","i","p","Struthiola macowanii C.H.Wright","Struthiola","macowanii",""
"Struthiola myrsinites","THYMELAEACEAE",1,0,0,0,0,0,0,1,0,2,"h","i","p","Struthiola myrsinites Lam.","Struthiola","myrsinites",""
"Syncarpha canescens","ASTERACEAE",1,0,0,0,0,1,0,0,0,1,"h","i","w","Syncarpha canescens (L.) B.Nord. subsp. tricolor (DC.) B.Nord.","Syncarpha","canescens","tricolor"
"Syncarpha canescens","ASTERACEAE",1,0,0,0,0,1,0,0,0,1,"h","i","w","Syncarpha canescens (L.) B.Nord. subsp. leucolepis (DC.) B.Nord.","Syncarpha","canescens","leucolepis"
"Syncarpha canescens","ASTERACEAE",1,0,0,0,0,1,0,0,0,1,"h","i","w","Syncarpha canescens (L.) B.Nord. subsp. canescens","Syncarpha","canescens","canescens"
"Syncarpha dregeana","ASTERACEAE",1,0,0,0,0,1,0,0,0,1,"h","i","w","Syncarpha dregeana (DC.) B.Nord.","Syncarpha","dregeana",""
"Syncarpha gnaphaloides","ASTERACEAE",1,0,0,0,0,1,0,0,0,1,"h","i","w","Syncarpha gnaphaloides (L.) DC.","Syncarpha","gnaphaloides",""
"Syncarpha milleflora","ASTERACEAE",1,0,0,0,0,0,0,1,0,1,"h","i","w","Syncarpha milleflora (L.f.) B.Nord.","Syncarpha","milleflora",""
"Syncarpha paniculata","ASTERACEAE",1,0,0,0,0,1,0,0,0,1,"h","i","w","Syncarpha paniculata (L.) B.Nord.","Syncarpha","paniculata",""
"Syncarpha vestita","ASTERACEAE",1,0,0,0,0,1,0,0,0,1,"h","i","w","Syncarpha vestita (L.) B.Nord.","Syncarpha","vestita",""
"Tarchonanthus camphoratus","ASTERACEAE",1,0,1,0,0,0,0,1,1,3,"h","i","w","Tarchonanthus camphoratus L.","Tarchonanthus","camphoratus",""
"Tephrosia capensis","FABACEAE",1,0,1,0,0,1,0,0,0,2,"h","i","p","Tephrosia capensis (Jacq.) Pers. var. acutifolia E.Mey.","Tephrosia","capensis",""
"Tephrosia capensis","FABACEAE",1,0,1,0,0,1,0,0,0,2,"h","i","p","Tephrosia capensis (Jacq.) Pers. var. capensis","Tephrosia","capensis",""
"Tephrosia capensis","FABACEAE",1,0,1,0,0,1,0,0,0,2,"h","i","p","Tephrosia capensis (Jacq.) Pers. var. longipetiolata H.M.L.Forbes","Tephrosia","capensis",""
"Tephrosia capensis","FABACEAE",1,0,1,0,0,1,0,0,0,2,"h","i","p","Tephrosia capensis (Jacq.) Pers. var. hirsuta Harv.","Tephrosia","capensis",""
"Tephrosia capensis","FABACEAE",1,0,1,0,0,1,0,0,0,2,"h","i","p","Tephrosia capensis (Jacq.) Pers. var. angustifolia E.Mey.","Tephrosia","capensis",""
"Tetraria bolusii","CYPERACEAE",1,0,1,0,1,0,0,0,0,2,"m","w","p","Tetraria bolusii C.B.Clarke","Tetraria","bolusii",""
"Tetraria brachyphylla","CYPERACEAE",1,0,1,0,1,0,0,0,0,2,"h","w","p","Tetraria brachyphylla Levyns","Tetraria","brachyphylla",""
"Tetraria bromoides","CYPERACEAE",1,0,1,0,1,0,0,0,0,2,"h","w","p","Tetraria bromoides (Lam.) Pfeiff.","Tetraria","bromoides",""
"Tetraria capillacea","CYPERACEAE",1,0,1,0,1,0,0,0,0,2,"h","w","p","Tetraria capillacea (Thunb.) C.B.Clarke","Tetraria","capillacea",""
"Tetraria compar","CYPERACEAE",1,0,1,0,1,0,0,0,0,2,"h","w","p","Tetraria compar (L.) T.Lestib.","Tetraria","compar",""
"Tetraria crassa","CYPERACEAE",1,0,1,0,1,0,0,0,0,2,"h","w","p","Tetraria crassa Levyns","Tetraria","crassa",""
"Tetraria cuspidata","CYPERACEAE",1,0,1,0,1,0,0,0,0,2,"h","w","p","Tetraria cuspidata (Rottb.) C.B.Clarke var. cuspidata","Tetraria","cuspidata",""
"Tetraria cuspidata","CYPERACEAE",1,0,1,0,1,0,0,0,0,2,"h","w","p","Tetraria cuspidata (Rottb.) C.B.Clarke var. lorea (Nees) C.B.Clarke","Tetraria","cuspidata",""
"Tetraria fasciata","CYPERACEAE",1,0,1,0,1,0,0,0,0,2,"h","w","p","Tetraria fasciata (Rottb.) C.B.Clarke","Tetraria","fasciata",""
"Tetraria fimbriolata","CYPERACEAE",1,0,1,0,1,0,0,0,0,2,"h","w","p","Tetraria fimbriolata (Nees) C.B.Clarke","Tetraria","fimbriolata",""
"Tetraria flexuosa","CYPERACEAE",1,0,1,0,1,0,0,0,0,2,"h","w","p","Tetraria flexuosa (Thunb.) C.B.Clarke","Tetraria","flexuosa",""
"Tetraria involucrata","CYPERACEAE",1,0,1,0,1,0,0,0,0,2,"h","w","p","Tetraria involucrata (Rottb.) C.B.Clarke","Tetraria","involucrata",""
"Tetraria nigrovaginata","CYPERACEAE",1,0,1,0,1,0,0,0,0,2,"h","w","p","Tetraria nigrovaginata (Nees) C.B.Clarke","Tetraria","nigrovaginata",""
"Tetraria pillansii","CYPERACEAE",1,0,1,0,1,0,0,0,0,2,"h","w","p","Tetraria pillansii Levyns","Tetraria","pillansii",""
"Tetraria thermalis","CYPERACEAE",1,0,1,0,1,0,0,0,0,3,"h","w","p","Tetraria thermalis (L.) C.B.Clarke","Tetraria","thermalis",""
"Tetraria ustulata","CYPERACEAE",1,0,1,0,1,0,0,0,0,2,"h","w","p","Tetraria ustulata (L.) C.B.Clarke","Tetraria","ustulata",""
"Thaminophyllum multiflorum","ASTERACEAE",1,0,0,0,0,1,0,0,0,2,"h","i","w","Thaminophyllum multiflorum Harv.","Thaminophyllum","multiflorum",""
"Thamnochortus cinereus","RESTIONACEAE",0,1,1,0,1,0,0,0,0,2,"h","w","w","Thamnochortus cinereus H.P.Linder","Thamnochortus","cinereus",""
"Thamnochortus erectus","RESTIONACEAE",0,1,1,0,1,0,0,0,0,2,"h","w","w","Thamnochortus erectus (Thunb.) Mast.","Thamnochortus","erectus",""
"Thamnochortus fruticosus","RESTIONACEAE",0,1,1,0,1,0,0,0,0,2,"h","w","w","Thamnochortus fruticosus P.J.Bergius","Thamnochortus","fruticosus",""
"Thamnochortus gracilis","RESTIONACEAE",0,1,1,0,1,0,0,0,0,2,"h","w","w","Thamnochortus gracilis Mast.","Thamnochortus","gracilis",""
"Thamnochortus lucens","RESTIONACEAE",0,1,1,0,1,0,0,0,0,2,"h","w","w","Thamnochortus lucens (Poir.) H.P.Linder","Thamnochortus","lucens",""
"Thamnochortus platypteris","RESTIONACEAE",0,1,0,0,1,0,0,0,0,2,"h","w","w","Thamnochortus platypteris Kunth","Thamnochortus","platypteris",""
"Thamnochortus pulcher","RESTIONACEAE",0,1,1,0,1,0,0,0,0,2,"h","w","w","Thamnochortus pulcher Pillans","Thamnochortus","pulcher",""
"Themeda triandra","POACEAE",1,0,1,0,1,0,0,0,0,2,"h","w","w","Themeda triandra Forssk.","Themeda","triandra",""
"Thesium capituliflorum","SANTALACEAE",1,0,0,0,0,1,0,0,0,1,"l","i","i","Thesium capituliflorum Sond.","Thesium","capituliflorum",""
"Thesium carinatum","SANTALACEAE",1,0,0,0,0,1,0,0,0,1,"m","i","i","Thesium carinatum A.DC. var. pallidum A.W.Hill","Thesium","carinatum",""
"Thesium carinatum","SANTALACEAE",1,0,0,0,0,1,0,0,0,1,"m","i","i","Thesium carinatum A.DC. var. carinatum","Thesium","carinatum",""
"Thesium nudicaule","SANTALACEAE",1,0,0,0,0,1,0,0,0,1,"m","i","i","Thesium nudicaule A.W.Hill","Thesium","nudicaule",""
"Thesium strictum","SANTALACEAE",1,0,0,0,0,0,0,1,0,1,"m","i","i","Thesium strictum P.J.Bergius","Thesium","strictum",""
"Thesium subnudum","SANTALACEAE",1,0,0,0,0,1,0,0,0,1,"m","i","i","Thesium subnudum Sond. var. subnudum","Thesium","subnudum",""
"Thesium subnudum","SANTALACEAE",1,0,0,0,0,1,0,0,0,1,"m","i","i","Thesium subnudum Sond. var. foliosum A.W.Hill","Thesium","subnudum",""
"Thesium virgatum","SANTALACEAE",1,0,0,0,0,1,0,0,0,1,"m","i","i","Thesium virgatum Lam.","Thesium","virgatum",""
"Tribolium hispidum","POACEAE",1,0,1,0,1,0,0,0,0,2,"h","w","w","Tribolium hispidum (Thunb.) Desv.","Tribolium","hispidum",""
"Tribolium uniolae","POACEAE",1,0,1,0,1,0,0,0,0,2,"h","w","w","Tribolium uniolae (L.f.) Renvoize","Tribolium","uniolae",""
"Trichocephalus stipularis","RHAMNACEAE",1,0,1,0,0,1,0,0,0,3,"h","i","i","Trichocephalus stipularis (L.) Brongn.","Trichocephalus","stipularis",""
"Tristachya leucothrix","POACEAE",1,0,1,0,1,0,0,0,0,2,"h","w","w","Tristachya leucothrix Trin. ex Nees","Tristachya","leucothrix",""
"Tylecodon paniculatus","CRASSULACEAE",1,0,0,0,0,0,1,0,0,3,"l","m","p","Tylecodon paniculatus (L.f.) Toelken","Tylecodon","paniculatus",""
"Ursinia nudicaulis","ASTERACEAE",1,0,0,0,0,1,0,0,0,1,"m","i","w","Ursinia nudicaulis (Thunb.) N.E.Br.","Ursinia","nudicaulis",""
"Ursinia paleacea","ASTERACEAE",1,0,0,0,0,1,0,0,0,1,"m","i","w","Ursinia paleacea (L.) Moench","Ursinia","paleacea",""
"Ursinia punctata","ASTERACEAE",1,0,0,0,0,1,0,0,0,1,"m","i","w","Ursinia punctata (Thunb.) N.E.Br.","Ursinia","punctata",""
"Ursinia sericea","ASTERACEAE",1,0,0,0,0,1,0,0,0,1,"m","i","w","Ursinia sericea (Thunb.) N.E.Br.","Ursinia","sericea",""
"Wahlenbergia macrostachys","CAMPANULACEAE",1,0,0,0,0,1,0,0,0,1,"m","i","p","Wahlenbergia macrostachys (A.DC.) Lammers","Wahlenbergia","macrostachys",""
"Wahlenbergia neorigida","CAMPANULACEAE",1,0,0,0,0,1,0,0,0,1,"m","i","p","Wahlenbergia neorigida Lammers","Wahlenbergia","neorigida",""
"Widdringtonia cedarbergensis","CUPRESSACEAE",1,0,0,0,0,0,0,0,1,3,"h","w","w","Widdringtonia cedarbergensis J.A.Marsh","Widdringtonia","cedarbergensis",""
"Widdringtonia nodiflora","CUPRESSACEAE",1,0,1,0,0,0,0,1,1,3,"h","w","w","Widdringtonia nodiflora (L.) Powrie","Widdringtonia","nodiflora",""
"Willdenowia arescens","RESTIONACEAE",0,1,1,0,1,0,0,0,0,2,"h","w","i","Willdenowia arescens Kunth","Willdenowia","arescens",""
"Willdenowia glomerata","RESTIONACEAE",0,1,0,0,1,0,0,0,0,2,"h","w","i","Willdenowia glomerata (Thunb.) H.P.Linder","Willdenowia","glomerata",""
"Willdenowia incurvata","RESTIONACEAE",0,1,1,0,1,0,0,0,0,2,"h","w","i","Willdenowia incurvata (Thunb.) H.P.Linder","Willdenowia","incurvata",""
"Willdenowia sulcata","RESTIONACEAE",0,1,1,0,1,0,0,0,0,2,"h","w","i","Willdenowia sulcata Mast.","Willdenowia","sulcata",""
"Willdenowia teres","RESTIONACEAE",0,1,1,0,1,0,0,0,0,2,"h","w","i","Willdenowia teres Thunb.","Willdenowia","teres",""
"Zygophyllum flexuosum","ZYGOPHYLLACEAE",1,0,0,0,0,1,0,0,0,2,"m","i","i","Zygophyllum flexuosum Eckl. & Zeyh.","Zygophyllum","flexuosum",""
"Zygophyllum fulvum","ZYGOPHYLLACEAE",1,0,0,0,0,1,0,0,0,2,"m","i","i","Zygophyllum fulvum L.","Zygophyllum","fulvum",""
"Zygophyllum morgsana","ZYGOPHYLLACEAE",1,0,0,0,0,0,1,0,0,2,"l","i","i","Zygophyllum morgsana L.","Zygophyllum","morgsana",""
